Workbook
Name PivotData: #REF!

Sheet 5 Year Supply Plan
D1: =(D2-C2)/C2 -> 0.11337298 | E1: =(E2-D2)/D2 -> 0.075186644 | F1: =(F2-E2)/E2 -> 0.074465916 | G1: =(G2-F2)/F2 -> 0.071498919
C2: =SUBTOTAL(9,C4:C46) -> 27062167 | D2: =SUBTOTAL(9,D4:D46) -> 30130285 | E2: =SUBTOTAL(9,E4:E46) -> 32395680 | F2: =SUBTOTAL(9,F4:F46) -> 34808054 | G2: =SUBTOTAL(9,G4:G46) -> 37296792 | H2: =SUBTOTAL(9,H4:H50) -> 2827759.9 | I2: =SUBTOTAL(9,I4:I50) -> 3335532 | J2: =SUBTOTAL(9,J4:J50) -> 2770654.5 | K2: =SUBTOTAL(9,K4:K50) -> 2577076 | L2: =SUBTOTAL(9,L4:L50) -> 1974451.5 | M2: =SUBTOTAL(9,M4:M50) -> 2551631.4 | N2: =SUBTOTAL(9,N4:N50) -> 2511649.7 | O2: =SUBTOTAL(9,O4:O50) -> 2508560.7 | ... BN2: =SUBTOTAL(9,BN4:BN50) -> 3268366.5
A3: Brands | B3: Source Plant | C3: FY26 | D3: FY27 | E3: FY28 | F3: FY29 | G3: FY30 | H3: Aug FY26 | I3: Sep FY26 | J3: Oct FY26 | K3: Nov FY26 | L3: Dec FY26 | M3: Jan FY26 | N3: Feb FY26 | O3: Mar FY26 | P3: Apr FY26 | Q3: May FY26 | R3: Jun FY26 | S3: Jul FY27 | T3: Aug FY27 | U3: Sep FY27 | V3: Oct FY27 | W3: Nov FY27 | X3: Dec FY27 | Y3: Jan FY27 | Z3: Feb FY27 | AA3: Mar FY27 | AB3: Apr FY27 | AC3: May FY27 | AD3: Jun FY27 | AE3: Jul FY28 | AF3: Aug FY28 | AG3: Sep FY28 | AH3: Oct FY28 | AI3: Nov FY28 | AJ3: Dec FY28 | AK3: Jan FY28 | AL3: Feb FY28 | AM3: Mar FY28 | AN3: Apr FY28 | AO3: May FY28 | AP3: Jun FY28 | AQ3: Jul FY29 | AR3: Aug FY29 | AS3: Sep FY29 | AT3: Oct FY29 | AU3: Nov FY29 | AV3: Dec FY29 | AW3: Jan FY29 | AX3: Feb FY29 | AY3: Mar FY29 | AZ3: Apr FY29 | BA3: May FY29 | BB3: Jun FY29 | BC3: Jul FY30 | BD3: Aug FY30 | BE3: Sep FY30 | BF3: Oct FY30 | BG3: Nov FY30 | BH3: Dec FY30 | BI3: Jan FY30 | BJ3: Feb FY30 | BK3: Mar FY30 | BL3: Apr FY30 | BM3: May FY30 | BN3: Jun FY30 | BO3: 5 Year Total
A4: ADROIT | B4: Salvarcar _ Juarez | C4: 115805 | D4: 123949 | E4: 129208 | F4: 135137 | G4: 143127.5 | H4: 15865 | I4: 18240 | J4: 15200 | K4: 9000 | L4: 5000 | M4: 8300 | N4: 8800 | O4: 8800 | P4: 8800 | Q4: 8800 | R4: 9000 | S4: 11721 | T4: 11524 | U4: 9955 | V4: 11390 | W4: 10564 | X4: 9420 | Y4: 7975 | Z4: 8515 | AA4: 10132 | AB4: 11221 | AC4: 11193 | AD4: 10339 | AE4: 12108 | AF4: 11898 | AG4: 10265 | AH4: 11759 | AI4: 10992 | AJ4: 9912 | AK4: 8446 | AL4: 8991 | AM4: 10629 | AN4: 11714 | AO4: 11687 | AP4: 10807 | AQ4: 12665 | AR4: 12450 | AS4: 10731 | AT4: 12304 | AU4: 11569 | AV4: 10529 | AW4: 9058 | AX4: 9521 | AY4: 11051 | AZ4: 12074 | BA4: 12041 | BB4: 11144 | BC4: 13080 | BD4: 12857 | BE4: 11068 | BF4: 12704 | BG4: 12009 | BH4: 11247 | BI4: 10155 | BJ4: 10566 | BK4: 12320 | BL4: 13890 | BM4: 11615.75 | BN4: 11615.75 | BO4: =SUM(H4:BN4) -> 647226.5
A5: AVANTI PLUS | B5: Salvarcar _ Juarez | C5: 5777104 | D5: 6478530 | E5: 7043533 | F5: 7653609 | G5: 8173129.8 | H5: 563176.73 | I5: 676363.35 | J5: 563719.94 | K5: 512615 | L5: 483484 | M5: 511792 | N5: 480492 | O5: 475448 | P5: 493730 | Q5: 540517 | R5: 475766 | S5: 547931 | T5: 559087 | U5: 524750 | V5: 554431 | W5: 525662 | X5: 564556 | Y5: 549100 | Z5: 493951 | AA5: 499570 | AB5: 536652 | AC5: 603150 | AD5: 519690 | AE5: 594140 | AF5: 606784 | AG5: 570808 | AH5: 602016 | AI5: 569110 | AJ5: 612307 | AK5: 596015 | AL5: 535369 | AM5: 541992 | AN5: 585661 | AO5: 661295 | AP5: 568036 | AQ5: 648742 | AR5: 663107 | AS5: 624999 | AT5: 658341 | AU5: 620716 | AV5: 668885 | AW5: 651687 | AX5: 588125 | AY5: 585427 | AZ5: 628285 | BA5: 708352 | BB5: 606943 | BC5: 692926 | BD5: 708698 | BE5: 668755 | BF5: 703607 | BG5: 662336 | BH5: 714368 | BI5: 698262 | BJ5: 660826 | BK5: 639327 | BL5: 659980 | BM5: 682022.38 | BN5: 682022.38 | BO5: =SUM(H5:BN5) -> 35125906
A6: BRITE TIP | B6: Salvarcar _ Juarez | C6: 1158714.2 | D6: 1247784 | E6: 1287016 | F6: 1340425 | G6: 1372095 | H6: 159148 | I6: 155459 | J6: 128367 | K6: 95000 | L6: 60740 | M6: 80000 | N6: 95000 | O6: 95000 | P6: 95000 | Q6: 95000 | R6: 100000 | S6: 108680 | T6: 108509 | U6: 105148 | V6: 108298 | W6: 101096 | X6: 106931 | Y6: 102807 | Z6: 89522 | AA6: 102972 | AB6: 116923 | AC6: 105515 | AD6: 91383 | AE6: 111801 | AF6: 111595 | AG6: 108097 | AH6: 111224 | AI6: 103927 | AJ6: 110058 | AK6: 105845 | AL6: 92075 | AM6: 106215 | AN6: 121018 | AO6: 109939 | AP6: 95222 | AQ6: 116566 | AR6: 116333 | AS6: 112657 | AT6: 115835 | AU6: 108309 | AV6: 114793 | AW6: 110416 | AX6: 96042 | AY6: 110495 | AZ6: 125741 | BA6: 114320 | BB6: 98918 | BC6: 121156 | BD6: 120888 | BE6: 117018 | BF6: 120215 | BG6: 112512 | BH6: 119373 | BI6: 114863 | BJ6: 99895 | BK6: 103796 | BL6: 115239 | BM6: 113570 | BN6: 113570 | BO6: =SUM(H6:BN6) -> 6406034
A7: BRITE TIP (MODIFIED) | B7: Salvarcar _ Juarez | C7: 20.018071 | D7: 0 | E7: 0 | F7: 0 | G7: 0 | H7: 3.340271 | I7: 5.309954 | J7: 11.367846 | BO7: =SUM(H7:BN7) -> 20.018071
A8: BRITE TIP RADIANZ | B8: Salvarcar _ Juarez | C8: 3765 | D8: 5435 | E8: 5879 | F8: 6551 | G8: 7992.25 | H8: 550 | I8: 720 | J8: 600 | K8: 250 | L8: 150 | M8: 245 | N8: 250 | O8: 250 | P8: 250 | Q8: 250 | R8: 250 | S8: 459 | T8: 499 | U8: 440 | V8: 777 | W8: 771 | X8: 792 | Y8: 288 | Z8: 271 | AA8: 278 | AB8: 284 | AC8: 292 | AD8: 284 | AE8: 473 | AF8: 512 | AG8: 450 | AH8: 872 | AI8: 875 | AJ8: 900 | AK8: 308 | AL8: 285 | AM8: 293 | AN8: 300 | AO8: 308 | AP8: 303 | AQ8: 570 | AR8: 636 | AS8: 560 | AT8: 950 | AU8: 941 | AV8: 969 | AW8: 328 | AX8: 307 | AY8: 315 | AZ8: 321 | BA8: 331 | BB8: 323 | BC8: 651 | BD8: 737 | BE8: 647 | BF8: 1065 | BG8: 1054 | BH8: 1086 | BI8: 347 | BJ8: 295 | BK8: 286 | BL8: 445 | BM8: 689.625 | BN8: 689.625 | BO8: =SUM(H8:BN8) -> 29622.25
A9: CATH EXT | B9: Salvarcar _ Juarez | C9: 11101.771 | D9: 13562 | E9: 14178 | F9: 14871 | G9: 15649.75 | H9: 1352.0989 | I9: 1666.8413 | J9: 1382.8309 | K9: 900 | L9: 500 | M9: 800 | N9: 900 | O9: 900 | P9: 900 | Q9: 900 | R9: 900 | S9: 1241 | T9: 1116 | U9: 1121 | V9: 1177 | W9: 1105 | X9: 1120 | Y9: 1154 | Z9: 1057 | AA9: 1077 | AB9: 1101 | AC9: 1226 | AD9: 1067 | AE9: 1298 | AF9: 1169 | AG9: 1171 | AH9: 1231 | AI9: 1155 | AJ9: 1173 | AK9: 1206 | AL9: 1105 | AM9: 1126 | AN9: 1151 | AO9: 1280 | AP9: 1113 | AQ9: 1357 | AR9: 1221 | AS9: 1223 | AT9: 1285 | AU9: 1207 | AV9: 1226 | AW9: 1264 | AX9: 1163 | AY9: 1185 | AZ9: 1212 | BA9: 1351 | BB9: 1177 | BC9: 1429 | BD9: 1290 | BE9: 1289 | BF9: 1355 | BG9: 1275 | BH9: 1296 | BI9: 1345 | BJ9: 1221 | BK9: 1236 | BL9: 1337 | BM9: 1288.375 | BN9: 1288.375 | BO9: =SUM(H9:BN9) -> 69362.521
A10: CORPACK | B10: Salvarcar _ Juarez | C10: 28948.02 | D10: 1133 | E10: 1222 | F10: 1315 | G10: 11279.5 | H10: 876.79425 | I10: 1271.276 | J10: 1112.9498 | K10: 4000 | L10: 4176 | M10: 3757 | N10: 4000 | O10: 4000 | P10: 4000 | Q10: 1500 | R10: 254 | S10: 103 | T10: 99 | U10: 91 | V10: 92 | W10: 93 | X10: 102 | Y10: 94 | Z10: 83 | AA10: 89 | AB10: 102 | AC10: 99 | AD10: 86 | AE10: 110 | AF10: 107 | AG10: 99 | AH10: 99 | AI10: 100 | AJ10: 111 | AK10: 101 | AL10: 90 | AM10: 96 | AN10: 111 | AO10: 105 | AP10: 93 | AQ10: 118 | AR10: 116 | AS10: 106 | AT10: 107 | AU10: 107 | AV10: 119 | AW10: 109 | AX10: 96 | AY10: 104 | AZ10: 119 | BA10: 114 | BB10: 100 | BC10: 128 | BD10: 124 | BE10: 115 | BF10: 115 | BG10: 116 | BH10: 128 | BI10: 119 | BJ10: 824 | BK10: 2997 | BL10: 5479 | BM10: 567.25 | BN10: 567.25 | BO10: =SUM(H10:BN10) -> 43897.52
A11: CORPACK (MODIFIED) | B11: Salvarcar _ Juarez | C11: 3875.2002 | D11: 0 | E11: 0 | F11: 0 | G11: 926 | H11: 154.09992 | I11: 401.9538 | J11: 325.14648 | K11: 400 | L11: 507 | M11: 493 | N11: 450 | O11: 400 | P11: 442 | Q11: 302 | BJ11: 86 | BK11: 305 | BL11: 535 | BO11: =SUM(H11:BN11) -> 4801.2002
A12: ENROUTE | B12: Salvarcar _ Juarez | C12: 29805 | D12: 36155 | E12: 36155 | F12: 18120 | G12: 0 | H12: 2005 | I12: 1700 | J12: 2100 | K12: 3200 | L12: 2200 | M12: 3200 | N12: 3200 | O12: 2800 | P12: 3150 | Q12: 3050 | R12: 3200 | S12: 2985 | T12: 2950 | U12: 3000 | V12: 2950 | W12: 2850 | X12: 3385 | Y12: 2750 | Z12: 2535 | AA12: 3350 | AB12: 3150 | AC12: 3050 | AD12: 3200 | AE12: 2985 | AF12: 2950 | AG12: 3000 | AH12: 2950 | AI12: 2850 | AJ12: 3385 | AK12: 2750 | AL12: 2535 | AM12: 3350 | AN12: 3150 | AO12: 3050 | AP12: 3200 | AQ12: 2985 | AR12: 2950 | AS12: 3000 | AT12: 2950 | AU12: 2850 | AV12: 3385 | AW12: 2832.5 | AX12: 2611.05 | AY12: 3450.5 | AZ12: 3244.5 | BA12: 3141.5 | BB12: 3296 | BC12: 3074.55 | BD12: 3038.5 | BE12: 3090 | BF12: 3038.5 | BG12: 2935.5 | BH12: 3486.55 | BI12: 2917.475 | BJ12: 2689.3815 | BK12: 3554.015 | BL12: 3341.835 | BM12: 3235.745 | BN12: 3394.88 | BO12: =SUM(H12:BN12) -> 176607.98
A13: EXOSEAL | B13: Salvarcar _ Juarez | C13: 604836 | D13: 604358 | E13: 642493 | F13: 733127 | G13: 791675.25 | H13: 76000 | I13: 97400 | J13: 48000 | K13: 55000 | L13: 30000 | M13: 50000 | N13: 50000 | O13: 48000 | P13: 48000 | Q13: 52878 | R13: 49558 | S13: 54451 | T13: 53967 | U13: 46098 | V13: 46587 | W13: 47626 | X13: 55789 | Y13: 54512 | Z13: 48432 | AA13: 44859 | AB13: 46681 | AC13: 54375 | AD13: 50981 | AE13: 55989 | AF13: 55484 | AG13: 47370 | AH13: 47842 | AI13: 48436 | AJ13: 55595 | AK13: 54481 | AL13: 50631 | AM13: 50121 | AN13: 53908 | AO13: 63298 | AP13: 59338 | AQ13: 65056 | AR13: 64540 | AS13: 55057 | AT13: 55360 | AU13: 56114 | AV13: 64641 | AW13: 63573 | AX13: 58381 | AY13: 55954 | AZ13: 59317 | BA13: 69748 | BB13: 65386 | BC13: 71647 | BD13: 71096 | BE13: 60616 | BF13: 60838 | BG13: 61704 | BH13: 71006 | BI13: 71662 | BJ13: 67328 | BK13: 61799 | BL13: 62467 | BM13: 65756.125 | BN13: 65756.125 | BO13: =SUM(H13:BN13) -> 3376489.2
A14: FRONTRUNNER | B14: Salvarcar _ Juarez | C14: 0 | D14: 0 | E14: 0 | F14: 0 | G14: 0 | BO14: =SUM(H14:BN14) -> 0
A15: HIGH FLOW | B15: Salvarcar _ Juarez | C15: 2306.2685 | D15: 5488 | E15: 5906 | F15: 6341 | G15: 6772.25 | H15: 182.23647 | I15: 79.16198 | J15: 200.87009 | K15: 200 | L15: 200 | M15: 200 | N15: 200 | O15: 200 | P15: 200 | Q15: 200 | R15: 444 | S15: 516 | T15: 432 | U15: 420 | V15: 504 | W15: 461 | X15: 441 | Y15: 443 | Z15: 453 | AA15: 445 | AB15: 441 | AC15: 455 | AD15: 477 | AE15: 557 | AF15: 464 | AG15: 451 | AH15: 544 | AI15: 495 | AJ15: 477 | AK15: 478 | AL15: 488 | AM15: 480 | AN15: 473 | AO15: 488 | AP15: 511 | AQ15: 598 | AR15: 498 | AS15: 485 | AT15: 583 | AU15: 531 | AV15: 509 | AW15: 513 | AX15: 524 | AY15: 514 | AZ15: 509 | BA15: 526 | BB15: 551 | BC15: 642 | BD15: 538 | BE15: 522 | BF15: 628 | BG15: 573 | BH15: 549 | BI15: 552 | BJ15: 563 | BK15: 548 | BL15: 539 | BM15: 559.125 | BN15: 559.125 | BO15: =SUM(H15:BN15) -> 26813.519
A16: INCRAFT | B16: Salvarcar _ Juarez | C16: 1752 | D16: 0 | E16: 0 | F16: 0 | G16: 320 | H16: 458 | I16: 494 | J16: 400 | K16: 400 | BK16: 94 | BL16: 226 | BO16: =SUM(H16:BN16) -> 2072
A17: INFINITI | B17: Salvarcar _ Juarez | C17: 7064892.1 | D17: 7762066 | E17: 8284703 | F17: 8792806 | G17: 9247260 | H17: 694365.12 | I17: 824439.75 | J17: 685154.25 | K17: 652395 | L17: 400000 | M17: 650268 | N17: 632412 | O17: 643687 | P17: 639404 | Q17: 625246 | R17: 617521 | S17: 672459 | T17: 677531 | U17: 627555 | V17: 630297 | W17: 626398 | X17: 698606 | Y17: 677121 | Z17: 601675 | AA17: 632136 | AB17: 667494 | AC17: 671189 | AD17: 579605 | AE17: 718100 | AF17: 724015 | AG17: 670852 | AH17: 671867 | AI17: 668727 | AJ17: 744642 | AK17: 721918 | AL17: 644990 | AM17: 673843 | AN17: 708550 | AO17: 719012 | AP17: 618187 | AQ17: 763295 | AR17: 769796 | AS17: 713937 | AT17: 712039 | AU17: 710212 | AV17: 789265 | AW17: 765615 | AX17: 690963 | AY17: 712113 | AZ17: 749275 | BA17: 763112 | BB17: 653184 | BC17: 805035 | BD17: 811507 | BE17: 753549 | BF17: 748725 | BG17: 748144 | BH17: 830099 | BI17: 797745 | BJ17: 701599 | BK17: 722492 | BL17: 799900 | BM17: 764232.5 | BN17: 764232.5 | BO17: =SUM(H17:BN17) -> 41151727
A18: INFINITI (MODIFIED) | B18: Salvarcar _ Juarez | C18: 68027.773 | D18: 31016 | E18: 33237 | F18: 35584 | G18: 38940.75 | H18: 8349.7031 | I18: 9697.071 | J18: 8112.9989 | K18: 7889 | L18: 8417 | M18: 8593 | N18: 7372 | O18: 5061 | P18: 2128 | Q18: 2407 | R18: 1 | S18: 2880 | T18: 2677 | U18: 2626 | V18: 2823 | W18: 2575 | X18: 2647 | Y18: 2410 | Z18: 2165 | AA18: 2311 | AB18: 2492 | AC18: 2553 | AD18: 2857 | AE18: 3088 | AF18: 2869 | AG18: 2815 | AH18: 3026 | AI18: 2760 | AJ18: 2838 | AK18: 2584 | AL18: 2320 | AM18: 2479 | AN18: 2671 | AO18: 2731 | AP18: 3056 | AQ18: 3304 | AR18: 3069 | AS18: 3012 | AT18: 3239 | AU18: 2955 | AV18: 3036 | AW18: 2764 | AX18: 2483 | AY18: 2652 | AZ18: 2859 | BA18: 2931 | BB18: 3280 | BC18: 3546 | BD18: 3293 | BE18: 3231 | BF18: 3475 | BG18: 3169 | BH18: 3259 | BI18: 2967 | BJ18: 896 | BK18: 3081 | BL18: 6181 | BM18: 2921.375 | BN18: 2921.375 | BO18: =SUM(H18:BN18) -> 206805.52
A19: INFINITI AMBI | B19: Salvarcar _ Juarez | C19: 24609.876 | D19: 31758 | E19: 34271 | F19: 36871 | G19: 39720 | H19: 796.9068 | I19: 1696.2485 | J19: 2390.7205 | K19: 760 | L19: 3189 | M19: 2366 | N19: 2994 | O19: 2037 | P19: 3502 | Q19: 2860 | R19: 2018 | S19: 2562 | T19: 3029 | U19: 2848 | V19: 2336 | W19: 2257 | X19: 3155 | Y19: 2915 | Z19: 2112 | AA19: 2117 | AB19: 3157 | AC19: 3090 | AD19: 2180 | AE19: 2767 | AF19: 3271 | AG19: 3076 | AH19: 2524 | AI19: 2437 | AJ19: 3407 | AK19: 3148 | AL19: 2281 | AM19: 2287 | AN19: 3409 | AO19: 3321 | AP19: 2343 | AQ19: 2974 | AR19: 3517 | AS19: 3307 | AT19: 2713 | AU19: 2619 | AV19: 3663 | AW19: 3384 | AX19: 2452 | AY19: 2459 | AZ19: 3666 | BA19: 3587 | BB19: 2530 | BC19: 3212 | BD19: 3798 | BE19: 3572 | BF19: 2929 | BG19: 2830 | BH19: 3955 | BI19: 3655 | BJ19: 2648 | BK19: 2657 | BL19: 3953 | BM19: 3255.5 | BN19: 3255.5 | BO19: =SUM(H19:BN19) -> 167229.88
A20: Long Sheath | B20: Salvarcar _ Juarez | C20: 14045.063 | D20: 14106 | E20: 14185 | F20: 14433 | G20: 15193.25 | H20: 3774.7332 | I20: 1296.9573 | J20: 1045.3728 | K20: 946 | L20: 905 | M20: 1062 | N20: 1039 | O20: 987 | P20: 928 | Q20: 1008 | R20: 1053 | S20: 1226 | T20: 1229 | U20: 1120 | V20: 1193 | W20: 1141 | X20: 1263 | Y20: 1255 | Z20: 1154 | AA20: 1140 | AB20: 1150 | AC20: 1182 | AD20: 1053 | AE20: 1229 | AF20: 1229 | AG20: 1123 | AH20: 1194 | AI20: 1141 | AJ20: 1265 | AK20: 1255 | AL20: 1152 | AM20: 1149 | AN20: 1173 | AO20: 1204 | AP20: 1071 | AQ20: 1256 | AR20: 1251 | AS20: 1144 | AT20: 1215 | AU20: 1162 | AV20: 1290 | AW20: 1279 | AX20: 1172 | AY20: 1167 | AZ20: 1190 | BA20: 1220 | BB20: 1087 | BC20: 1271 | BD20: 1271 | BE20: 1159 | BF20: 1231 | BG20: 1179 | BH20: 1308 | BI20: 1296 | BJ20: 1198 | BK20: 1303 | BL20: 1491 | BM20: 1243.125 | BN20: 1243.125 | BO20: =SUM(H20:BN20) -> 71962.313
A21: MULTIPACK | B21: Salvarcar _ Juarez | C21: 151837.65 | D21: 243628 | E21: 246482 | F21: 251273 | G21: 249518.75 | H21: 13099.21 | I21: 15268.168 | J21: 12325.276 | K21: 12321 | L21: 12221 | M21: 12114 | N21: 13025 | O21: 13076 | P21: 14895 | Q21: 15652 | R21: 17841 | S21: 20955 | T21: 19958 | U21: 17178 | V21: 18393 | W21: 19974 | X21: 24422 | Y21: 24013 | Z21: 21691 | AA21: 20212 | AB21: 18981 | AC21: 19871 | AD21: 17980 | AE21: 21165 | AF21: 20169 | AG21: 17387 | AH21: 18583 | AI21: 20147 | AJ21: 24588 | AK21: 24153 | AL21: 21817 | AM21: 20453 | AN21: 19401 | AO21: 20283 | AP21: 18336 | AQ21: 21616 | AR21: 20599 | AS21: 17778 | AT21: 18980 | AU21: 20556 | AV21: 25064 | AW21: 24609 | AX21: 22214 | AY21: 20822 | AZ21: 19756 | BA21: 20644 | BB21: 18635 | BC21: 22012 | BD21: 20984 | BE21: 18138 | BF21: 19331 | BG21: 20905 | BH21: 25449 | BI21: 24979 | BJ21: 22070 | BK21: 18515 | BL21: 14543 | BM21: 21296.375 | BN21: 21296.375 | BO21: =SUM(H21:BN21) -> 1142739.4
A22: MULTIPACK (MODIFIED) | B22: Salvarcar _ Juarez | C22: 84883.465 | D22: 37961 | E22: 40963 | F22: 44073 | G22: 60942.5 | H22: 10732.131 | I22: 11784.523 | J22: 9860.8105 | K22: 11325 | L22: 5876 | M22: 10311 | N22: 8748 | O22: 6588 | P22: 3875 | Q22: 3027 | R22: 2756 | S22: 3086 | T22: 3147 | U22: 2351 | V22: 2859 | W22: 2600 | X22: 3077 | Y22: 3817 | Z22: 3302 | AA22: 3550 | AB22: 3926 | AC22: 3269 | AD22: 2977 | AE22: 3333 | AF22: 3399 | AG22: 2539 | AH22: 3086 | AI22: 2808 | AJ22: 3324 | AK22: 4123 | AL22: 3566 | AM22: 3834 | AN22: 4236 | AO22: 3515 | AP22: 3200 | AQ22: 3583 | AR22: 3653 | AS22: 2729 | AT22: 3317 | AU22: 3019 | AV22: 3574 | AW22: 4431 | AX22: 3834 | AY22: 4123 | AZ22: 4557 | BA22: 3794 | BB22: 3459 | BC22: 3869 | BD22: 3944 | BE22: 2949 | BF22: 3584 | BG22: 3259 | BH22: 3859 | BI22: 4787 | BJ22: 5047 | BK22: 8349 | BL22: 12351 | BM22: 4472.25 | BN22: 4472.25 | BO22: =SUM(H22:BN22) -> 268822.96
A23: OPTEASE | B23: Salvarcar _ Juarez | C23: 22037 | D23: 24803 | E23: 25729 | F23: 27538 | G23: 26039 | H23: 2000 | I23: 2400 | J23: 2000 | K23: 1972 | L23: 1267 | M23: 2022 | N23: 2087 | O23: 2241 | P23: 2156 | Q23: 2035 | R23: 1857 | S23: 2213 | T23: 2367 | U23: 1885 | V23: 2061 | W23: 1779 | X23: 1866 | Y23: 1986 | Z23: 2201 | AA23: 2261 | AB23: 2194 | AC23: 2086 | AD23: 1904 | AE23: 2272 | AF23: 2429 | AG23: 1931 | AH23: 2105 | AI23: 1811 | AJ23: 1908 | AK23: 2032 | AL23: 2278 | AM23: 2361 | AN23: 2324 | AO23: 2234 | AP23: 2044 | AQ23: 2439 | AR23: 2605 | AS23: 2061 | AT23: 2242 | AU23: 1923 | AV23: 2034 | AW23: 2184 | AX23: 2419 | AY23: 2494 | AZ23: 2490 | BA23: 2422 | BB23: 2225 | BC23: 2655 | BD23: 2834 | BE23: 2230 | BF23: 2412 | BG23: 2069 | BH23: 1973 | BI23: 2007 | BJ23: 1902 | BK23: 1793 | BL23: 1859 | BM23: 2152.5 | BN23: 2152.5 | BO23: =SUM(H23:BN23) -> 126146
A24: OPTEASE RETRIEVAL CATHETER | B24: Salvarcar _ Juarez | C24: 18021 | D24: 25092 | E24: 27190 | F24: 30174 | G24: 30428.5 | K24: 2300 | L24: 1500 | M24: 2300 | N24: 2500 | O24: 2500 | P24: 2500 | Q24: 2500 | R24: 1921 | S24: 2160 | T24: 2436 | U24: 2199 | V24: 2170 | W24: 2074 | X24: 1867 | Y24: 1945 | Z24: 2288 | AA24: 2056 | AB24: 1775 | AC24: 2062 | AD24: 2060 | AE24: 2319 | AF24: 2622 | AG24: 2366 | AH24: 2336 | AI24: 2228 | AJ24: 2001 | AK24: 2089 | AL24: 2458 | AM24: 2236 | AN24: 1962 | AO24: 2287 | AP24: 2286 | AQ24: 2577 | AR24: 2923 | AS24: 2636 | AT24: 2602 | AU24: 2479 | AV24: 2221 | AW24: 2322 | AX24: 2764 | AY24: 2474 | AZ24: 2152 | BA24: 2509 | BB24: 2515 | BC24: 2835 | BD24: 3224 | BE24: 2904 | BF24: 2868 | BG24: 2728 | BH24: 2437 | BI24: 2171 | BJ24: 2175 | BK24: 2027 | BL24: 1926 | BM24: 2566.75 | BN24: 2566.75 | BO24: =SUM(H24:BN24) -> 130905.5
A25: OUTBACK ELITE | B25: Salvarcar _ Juarez | C25: 6000 | D25: 6324 | E25: 6205 | F25: 6021 | G25: 6301 | H25: 700 | I25: 960 | J25: 800 | K25: 463 | L25: 250 | M25: 463 | N25: 467 | O25: 472 | P25: 476 | Q25: 488 | R25: 461 | S25: 565 | T25: 570 | U25: 507 | V25: 553 | W25: 540 | X25: 576 | Y25: 547 | Z25: 510 | AA25: 513 | AB25: 507 | AC25: 482 | AD25: 454 | AE25: 558 | AF25: 561 | AG25: 494 | AH25: 543 | AI25: 531 | AJ25: 565 | AK25: 535 | AL25: 490 | AM25: 493 | AN25: 500 | AO25: 485 | AP25: 450 | AQ25: 534 | AR25: 530 | AS25: 468 | AT25: 510 | AU25: 506 | AV25: 557 | AW25: 531 | AX25: 489 | AY25: 493 | AZ25: 498 | BA25: 475 | BB25: 430 | BC25: 510 | BD25: 504 | BE25: 450 | BF25: 504 | BG25: 502 | BH25: 541 | BI25: 508 | BJ25: 503 | BK25: 588 | BL25: 666 | BM25: 512.5 | BN25: 512.5 | BO25: =SUM(H25:BN25) -> 30851
A26: PRECISE PRO | B26: Salvarcar _ Juarez | C26: 30244 | D26: 36926 | E26: 38188 | F26: 40584 | G26: 42785.75 | H26: 5195 | I26: 5760 | J26: 4800 | K26: 2049 | L26: 1047 | M26: 1823 | N26: 1774 | O26: 1927 | P26: 1984 | Q26: 1937 | R26: 1948 | S26: 3401 | T26: 3207 | U26: 2395 | V26: 3046 | W26: 3248 | X26: 3194 | Y26: 2946 | Z26: 3097 | AA26: 3153 | AB26: 3206 | AC26: 3008 | AD26: 3025 | AE26: 3536 | AF26: 3338 | AG26: 2493 | AH26: 3159 | AI26: 3366 | AJ26: 3310 | AK26: 2931 | AL26: 3134 | AM26: 3261 | AN26: 3309 | AO26: 3144 | AP26: 3207 | AQ26: 3755 | AR26: 3550 | AS26: 2667 | AT26: 3367 | AU26: 3565 | AV26: 3503 | AW26: 3133 | AX26: 3326 | AY26: 3464 | AZ26: 3513 | BA26: 3337 | BB26: 3404 | BC26: 3986 | BD26: 3764 | BE26: 2826 | BF26: 3553 | BG26: 3755 | BH26: 3758 | BI26: 3386 | BJ26: 3467 | BK26: 3578 | BL26: 3691 | BM26: 3510.875 | BN26: 3510.875 | BO26: =SUM(H26:BN26) -> 188727.75
A27: PRIMOPAC | B27: Salvarcar _ Juarez | C27: 3400.1328 | D27: 4927 | E27: 5323 | F27: 5611 | G27: 6568.25 | H27: 132.97655 | I27: 319.51758 | J27: 309.63867 | K27: 308 | L27: 147 | M27: 312 | N27: 423 | O27: 444 | P27: 366 | Q27: 329 | R27: 309 | S27: 375 | T27: 347 | U27: 313 | V27: 356 | W27: 443 | X27: 575 | Y27: 570 | Z27: 489 | AA27: 407 | AB27: 349 | AC27: 364 | AD27: 339 | AE27: 416 | AF27: 388 | AG27: 349 | AH27: 392 | AI27: 478 | AJ27: 611 | AK27: 602 | AL27: 517 | AM27: 442 | AN27: 385 | AO27: 385 | AP27: 358 | AQ27: 440 | AR27: 410 | AS27: 370 | AT27: 412 | AU27: 500 | AV27: 634 | AW27: 623 | AX27: 537 | AY27: 465 | AZ27: 414 | BA27: 418 | BB27: 388 | BC27: 476 | BD27: 447 | BE27: 403 | BF27: 445 | BG27: 532 | BH27: 669 | BI27: 655 | BJ27: 598 | BK27: 612 | BL27: 641 | BM27: 545.125 | BN27: 545.125 | BO27: =SUM(H27:BN27) -> 25829.383
A28: PROPAC | B28: Salvarcar _ Juarez | C28: 3535.9503 | D28: 4425 | E28: 4764 | F28: 5127 | G28: 5921.75 | H28: 278.74603 | I28: 98.868912 | J28: 142.33536 | K28: 425 | L28: 323 | M28: 411 | N28: 365 | O28: 396 | P28: 422 | Q28: 358 | R28: 316 | S28: 401 | T28: 390 | U28: 352 | V28: 360 | W28: 365 | X28: 397 | Y28: 364 | Z28: 323 | AA28: 351 | AB28: 396 | AC28: 385 | AD28: 341 | AE28: 433 | AF28: 420 | AG28: 379 | AH28: 389 | AI28: 392 | AJ28: 428 | AK28: 393 | AL28: 349 | AM28: 377 | AN28: 425 | AO28: 413 | AP28: 366 | AQ28: 464 | AR28: 451 | AS28: 407 | AT28: 416 | AU28: 420 | AV28: 460 | AW28: 421 | AX28: 373 | AY28: 408 | AZ28: 464 | BA28: 447 | BB28: 396 | BC28: 502 | BD28: 488 | BE28: 439 | BF28: 452 | BG28: 455 | BH28: 497 | BI28: 455 | BJ28: 411 | BK28: 522 | BL28: 771 | BM28: 464.875 | BN28: 464.875 | BO28: =SUM(H28:BN28) -> 23773.7
A29: PROPAC (MODIFIED) | B29: Salvarcar _ Juarez | C29: 6247.4258 | D29: 0 | E29: 0 | F29: 0 | G29: 0 | H29: 982.87946 | I29: 2807.3181 | J29: 2457.2283 | BO29: =SUM(H29:BN29) -> 6247.4258
A30: RAILWAY | B30: Salvarcar _ Juarez | C30: 0 | D30: 0 | E30: 0 | F30: 0 | G30: 0 | H30: 0 | I30: 0 | J30: 0 | K30: 0 | L30: 0 | M30: 0 | N30: 0 | O30: 0 | P30: 0 | Q30: 0 | R30: 0 | S30: 0 | T30: 0 | U30: 0 | V30: 0 | W30: 0 | X30: 0 | Y30: 0 | Z30: 0 | AA30: 0 | AB30: 0 | AC30: 0 | AD30: 0 | AE30: 0 | AF30: 0 | AG30: 0 | AH30: 0 | AI30: 0 | AJ30: 0 | AK30: 0 | AL30: 0 | AM30: 0 | AN30: 0 | AO30: 0 | AP30: 0 | AQ30: 0 | AR30: 0 | AS30: 0 | AT30: 0 | AU30: 0 | AV30: 0 | AW30: 0 | AX30: 0 | AY30: 0 | AZ30: 0 | BA30: 0 | BB30: 0 | BC30: 0 | BD30: 0 | BE30: 0 | BF30: 0 | BG30: 0 | BH30: 0 | BI30: 0 | BJ30: 0 | BK30: 0 | BL30: 0 | BM30: 0 | BN30: 0 | BO30: =SUM(H30:BN30) -> 0
A31: RAIN Sheath Transradial | B31: Salvarcar _ Juarez | C31: 288075.88 | D31: 326555 | E31: 342095 | F31: 360023 | G31: 380860.25 | H31: 35770.391 | I31: 42466.047 | J31: 35354.445 | K31: 21284 | L31: 13934 | M31: 23171 | N31: 23508 | O31: 23891 | P31: 22797 | Q31: 23158 | R31: 22742 | S31: 27835 | T31: 27568 | U31: 24804 | V31: 26653 | W31: 26560 | X31: 29468 | Y31: 28679 | Z31: 27692 | AA31: 29657 | AB31: 28496 | AC31: 25340 | AD31: 23803 | AE31: 29177 | AF31: 28870 | AG31: 25987 | AH31: 27883 | AI31: 27797 | AJ31: 30823 | AK31: 29961 | AL31: 28913 | AM31: 31082 | AN31: 30018 | AO31: 26612 | AP31: 24972 | AQ31: 30636 | AR31: 30294 | AS31: 27275 | AT31: 29244 | AU31: 29158 | AV31: 32324 | AW31: 31404 | AX31: 30304 | AY31: 32720 | AZ31: 31912 | BA31: 28262 | BB31: 26490 | BC31: 32523 | BD31: 32142 | BE31: 28948 | BF31: 31013 | BG31: 30927 | BH31: 34262 | BI31: 33081 | BJ31: 30659 | BK31: 31337 | BL31: 32876 | BM31: 31546.125 | BN31: 31546.125 | BO31: =SUM(H31:BN31) -> 1697609.1
A32: S.M.A.R.T. RADIANZ | B32: Salvarcar _ Juarez | C32: 3386.6963 | D32: 3474 | E32: 3599 | F32: 3761 | G32: 3759.25 | H32: 588.69629 | I32: 720 | J32: 600 | K32: 192 | L32: 153 | M32: 183 | N32: 185 | O32: 187 | P32: 189 | Q32: 193 | R32: 196 | S32: 312 | T32: 304 | U32: 269 | V32: 310 | W32: 288 | X32: 287 | Y32: 278 | Z32: 273 | AA32: 280 | AB32: 291 | AC32: 302 | AD32: 280 | AE32: 322 | AF32: 314 | AG32: 280 | AH32: 321 | AI32: 299 | AJ32: 298 | AK32: 289 | AL32: 284 | AM32: 288 | AN32: 302 | AO32: 313 | AP32: 289 | AQ32: 334 | AR32: 326 | AS32: 289 | AT32: 335 | AU32: 308 | AV32: 308 | AW32: 300 | AX32: 298 | AY32: 306 | AZ32: 320 | BA32: 332 | BB32: 305 | BC32: 355 | BD32: 345 | BE32: 306 | BF32: 352 | BG32: 328 | BH32: 326 | BI32: 309 | BJ32: 282 | BK32: 261 | BL32: 268 | BM32: 313.625 | BN32: 313.625 | BO32: =SUM(H32:BN32) -> 17979.946
A33: SMART | B33: Salvarcar _ Juarez | C33: 51478.551 | D33: 57677 | E33: 59590 | F33: 61752 | G33: 63232.5 | H33: 6467.5508 | I33: 8160 | J33: 6800 | K33: 3872 | L33: 1460 | M33: 3655 | N33: 3840 | O33: 3855 | P33: 4119 | Q33: 4826 | R33: 4424 | S33: 5046 | T33: 5080 | U33: 4512 | V33: 5040 | W33: 4784 | X33: 4892 | Y33: 4587 | Z33: 4466 | AA33: 4695 | AB33: 4966 | AC33: 5013 | AD33: 4596 | AE33: 5238 | AF33: 5273 | AG33: 4682 | AH33: 5232 | AI33: 4960 | AJ33: 5071 | AK33: 4763 | AL33: 4610 | AM33: 4802 | AN33: 5084 | AO33: 5150 | AP33: 4725 | AQ33: 5386 | AR33: 5421 | AS33: 4814 | AT33: 5380 | AU33: 5096 | AV33: 5216 | AW33: 4912 | AX33: 4792 | AY33: 5044 | AZ33: 5347 | BA33: 5395 | BB33: 4949 | BC33: 5639 | BD33: 5673 | BE33: 5039 | BF33: 5629 | BG33: 5331 | BH33: 5454 | BI33: 5140 | BJ33: 4862 | BK33: 4882 | BL33: 5081 | BM33: 5251.25 | BN33: 5251.25 | BO33: =SUM(H33:BN33) -> 293730.05
A34: SUPER TORQUE MARKER BANDS | B34: Salvarcar _ Juarez | C34: 65208 | D34: 75010 | E34: 76158 | F34: 82135 | G34: 89737 | H34: 6000 | I34: 7200 | J34: 6000 | K34: 4284 | L34: 6330 | M34: 6699 | N34: 6215 | O34: 6389 | P34: 5901 | Q34: 5223 | R34: 4967 | S34: 6112 | T34: 5536 | U34: 5890 | V34: 6977 | W34: 7012 | X34: 7213 | Y34: 6979 | Z34: 6443 | AA34: 6628 | AB34: 6097 | AC34: 5169 | AD34: 4954 | AE34: 6068 | AF34: 5512 | AG34: 5861 | AH34: 7024 | AI34: 7053 | AJ34: 7258 | AK34: 6988 | AL34: 6493 | AM34: 6751 | AN34: 6248 | AO34: 5551 | AP34: 5351 | AQ34: 6548 | AR34: 5945 | AS34: 6326 | AT34: 7610 | AU34: 7636 | AV34: 7858 | AW34: 7562 | AX34: 7036 | AY34: 7251 | AZ34: 6668 | BA34: 5950 | BB34: 5745 | BC34: 7071 | BD34: 6407 | BE34: 6833 | BF34: 8225 | BG34: 8255 | BH34: 8497 | BI34: 8053 | BJ34: 7336 | BK34: 7082 | BL34: 6806 | BM34: 7586 | BN34: 7586 | BO34: =SUM(H34:BN34) -> 388248
A35: SUPERTORQUE | B35: Salvarcar _ Juarez | C35: 457352 | D35: 554019 | E35: 599494 | F35: 630082 | G35: 679653 | H35: 40000.001 | I35: 48480 | J35: 40400 | K35: 43923 | L35: 29824 | M35: 45200 | N35: 40610 | O35: 43590 | P35: 49005 | Q35: 42891 | R35: 33429 | S35: 44901 | T35: 43437 | U35: 42081 | V35: 47014 | W35: 45695 | X35: 51602 | Y35: 50623 | Z35: 45183 | AA35: 46193 | AB35: 53659 | AC35: 46879 | AD35: 36752 | AE35: 49318 | AF35: 47672 | AG35: 46139 | AH35: 50972 | AI35: 49658 | AJ35: 56104 | AK35: 54915 | AL35: 48840 | AM35: 50041 | AN35: 58115 | AO35: 49155 | AP35: 38565 | AQ35: 51745 | AR35: 50006 | AS35: 48390 | AT35: 53358 | AU35: 52005 | AV35: 58755 | AW35: 57487 | AX35: 51092 | AY35: 52393 | AZ35: 61694 | BA35: 52098 | BB35: 41059 | BC35: 55077 | BD35: 53243 | BE35: 51565 | BF35: 56643 | BG35: 55261 | BH35: 62482 | BI35: 61149 | BJ35: 54221 | BK35: 54952 | BL35: 62681 | BM35: 56189.5 | BN35: 56189.5 | BO35: =SUM(H35:BN35) -> 2920600
A36: SUPERTORQUE (MODIFIED) | B36: Salvarcar _ Juarez | C36: 0 | D36: 0 | E36: 0 | F36: 0 | G36: 0 | H36: 0 | I36: 0 | J36: 0 | K36: 0 | L36: 0 | M36: 0 | N36: 0 | O36: 0 | P36: 0 | Q36: 0 | R36: 0 | S36: 0 | T36: 0 | U36: 0 | V36: 0 | W36: 0 | X36: 0 | Y36: 0 | Z36: 0 | AA36: 0 | AB36: 0 | AC36: 0 | AD36: 0 | AE36: 0 | AF36: 0 | AG36: 0 | AH36: 0 | AI36: 0 | AJ36: 0 | AK36: 0 | AL36: 0 | AM36: 0 | AN36: 0 | AO36: 0 | AP36: 0 | AQ36: 0 | AR36: 0 | AS36: 0 | AT36: 0 | AU36: 0 | AV36: 0 | AW36: 0 | AX36: 0 | AY36: 0 | AZ36: 0 | BA36: 0 | BB36: 0 | BC36: 0 | BD36: 0 | BE36: 0 | BF36: 0 | BG36: 0 | BH36: 0 | BI36: 0 | BJ36: 0 | BK36: 0 | BL36: 0 | BM36: 0 | BN36: 0 | BO36: =SUM(H36:BN36) -> 0
A37: SUPERTORQUE PLUS | B37: Salvarcar _ Juarez | C37: 2777117 | D37: 3239102 | E37: 3299183 | F37: 3321473 | G37: 3551499 | H37: 272655.75 | I37: 347864.88 | J37: 289887.38 | K37: 213242 | L37: 142365 | M37: 259108 | N37: 262748 | O37: 267131 | P37: 261281 | Q37: 235563 | R37: 225271 | S37: 267417 | T37: 262765 | U37: 249965 | V37: 273900 | W37: 286162 | X37: 321354 | Y37: 296819 | Z37: 268018 | AA37: 273239 | AB37: 268199 | AC37: 240946 | AD37: 230318 | AE37: 273429 | AF37: 268682 | AG37: 255680 | AH37: 280032 | AI37: 292479 | AJ37: 328390 | AK37: 303409 | AL37: 273817 | AM37: 277909 | AN37: 270924 | AO37: 242486 | AP37: 231946 | AQ37: 276074 | AR37: 270915 | AS37: 258298 | AT37: 282630 | AU37: 296002 | AV37: 333041 | AW37: 307502 | AX37: 277173 | AY37: 279507 | AZ37: 270460 | BA37: 239963 | BB37: 229908 | BC37: 275018 | BD37: 269247 | BE37: 258031 | BF37: 281553 | BG37: 296398 | BH37: 335247 | BI37: 318415 | BJ37: 300240 | BK37: 307169 | BL37: 318606 | BM37: 295787.5 | BN37: 295787.5 | BO37: =SUM(H37:BN37) -> 16188374
A38: SUPERTORQUE PLUS (MODIFIED) | B38: Salvarcar _ Juarez | C38: 46028.347 | D38: 11640 | E38: 12455 | F38: 13304 | G38: 24219.25 | H38: 7883.3086 | I38: 8516.9609 | J38: 7195.0776 | K38: 4588 | L38: 2121 | M38: 4792 | N38: 4971 | O38: 2867 | P38: 999 | Q38: 1102 | R38: 993 | S38: 1111 | T38: 994 | U38: 822 | V38: 1024 | W38: 918 | X38: 951 | Y38: 885 | Z38: 805 | AA38: 858 | AB38: 1028 | AC38: 1181 | AD38: 1063 | AE38: 1191 | AF38: 1063 | AG38: 880 | AH38: 1097 | AI38: 983 | AJ38: 1018 | AK38: 948 | AL38: 862 | AM38: 918 | AN38: 1099 | AO38: 1261 | AP38: 1135 | AQ38: 1269 | AR38: 1135 | AS38: 940 | AT38: 1170 | AU38: 1049 | AV38: 1086 | AW38: 1012 | AX38: 919 | AY38: 980 | AZ38: 1176 | BA38: 1351 | BB38: 1217 | BC38: 1361 | BD38: 1217 | BE38: 1007 | BF38: 1254 | BG38: 1125 | BH38: 1165 | BI38: 1025 | BJ38: 1784 | BK38: 4220 | BL38: 6862 | BM38: 1599.625 | BN38: 1599.625 | BO38: =SUM(H38:BN38) -> 107646.6
A39: TEMPO | B39: Salvarcar _ Juarez | C39: 4692257 | D39: 5434562 | E39: 6096962 | F39: 6840852 | G39: 7544905.5 | H39: 425250 | I39: 504000 | J39: 420000 | K39: 490443 | L39: 441110 | M39: 434547 | N39: 414129 | O39: 410388 | P39: 391390 | Q39: 395135 | R39: 365865 | S39: 434544 | T39: 499809 | U39: 466382 | V39: 447917 | W39: 435548 | X39: 476535 | Y39: 472977 | Z39: 447950 | AA39: 455025 | AB39: 438996 | AC39: 445982 | AD39: 412897 | AE39: 490876 | AF39: 564433 | AG39: 521847 | AH39: 497228 | AI39: 484082 | AJ39: 530482 | AK39: 527062 | AL39: 499446 | AM39: 510308 | AN39: 496225 | AO39: 506261 | AP39: 468712 | AQ39: 557595 | AR39: 641149 | AS39: 588142 | AT39: 556544 | AU39: 542347 | AV39: 595164 | AW39: 592224 | AX39: 565427 | AY39: 567356 | AZ39: 551251 | BA39: 562498 | BB39: 521155 | BC39: 619412 | BD39: 713133 | BE39: 655035 | BF39: 620422 | BG39: 604259 | BH39: 662615 | BI39: 644924 | BJ39: 627794 | BK39: 572476 | BL39: 549671 | BM39: 637582.25 | BN39: 637582.25 | BO39: =SUM(H39:BN39) -> 30609538
A40: TEMPO (MODIFIED) | B40: Salvarcar _ Juarez | C40: 157593 | D40: 22413 | E40: 24446 | F40: 26141 | G40: 55895 | H40: 21541.398 | I40: 25542.451 | J40: 21324.15 | K40: 24848 | L40: 18726 | M40: 18505 | N40: 14542 | O40: 6980 | P40: 2185 | Q40: 1820 | R40: 1579 | S40: 2025 | T40: 1971 | U40: 1791 | V40: 1811 | W40: 1823 | X40: 2015 | Y40: 1857 | Z40: 1625 | AA40: 1753 | AB40: 2017 | AC40: 1994 | AD40: 1731 | AE40: 2220 | AF40: 2160 | AG40: 1964 | AH40: 1984 | AI40: 2000 | AJ40: 2208 | AK40: 2037 | AL40: 1780 | AM40: 1922 | AN40: 2196 | AO40: 2127 | AP40: 1848 | AQ40: 2369 | AR40: 2305 | AS40: 2096 | AT40: 2118 | AU40: 2133 | AV40: 2357 | AW40: 2172 | AX40: 1902 | AY40: 2060 | AZ40: 2378 | BA40: 2276 | BB40: 1975 | BC40: 2535 | BD40: 2465 | BE40: 2241 | BF40: 2265 | BG40: 2281 | BH40: 2521 | BI40: 2324 | BJ40: 4487 | BK40: 10956 | BL40: 16435 | BM40: 3692.5 | BN40: 3692.5 | BO40: =SUM(H40:BN40) -> 286488
A41: TEMPO AQUA | B41: Salvarcar _ Juarez | C41: 448966.62 | D41: 598924 | E41: 697851 | F41: 800282 | G41: 863779 | H41: 43823.797 | I41: 35783.051 | J41: 28617.77 | K41: 45113 | L41: 25632 | M41: 43312 | N41: 44625 | O41: 45920 | P41: 44100 | Q41: 47200 | R41: 44840 | S41: 50150 | T41: 54314 | U41: 45359 | V41: 44573 | W41: 46578 | X41: 52108 | Y41: 52103 | Z41: 51424 | AA41: 49827 | AB41: 50306 | AC41: 54185 | AD41: 47997 | AE41: 57637 | AF41: 62619 | AG41: 52580 | AH41: 51934 | AI41: 54329 | AJ41: 60773 | AK41: 60789 | AL41: 60058 | AM41: 58288 | AN41: 58981 | AO41: 63559 | AP41: 56304 | AQ41: 67601 | AR41: 73410 | AS41: 61338 | AT41: 60311 | AU41: 63173 | AV41: 70665 | AW41: 70974 | AX41: 69815 | AY41: 65651 | AZ41: 65147 | BA41: 70211 | BB41: 61986 | BC41: 74241 | BD41: 80794 | BE41: 67904 | BF41: 67137 | BG41: 70313 | BH41: 78681 | BI41: 78049 | BJ41: 73448 | BK41: 65202 | BL41: 62628 | BM41: 72691 | BN41: 72691 | BO41: =SUM(H41:BN41) -> 3409802.6
... A46: VISTA BRITE TIP (MODIFIED) | B46: Salvarcar _ Juarez | C46: 14582 | D46: 6740 | E46: 7235 | F46: 7754 | G46: 10812.25 | H46: 2205 | I46: 2880 | J46: 2400 | K46: 1132 | L46: 836 | M46: 1187 | N46: 1117 | O46: 1171 | P46: 617 | Q46: 541 | R46: 496 | S46: 682 | T46: 570 | U46: 510 | V46: 568 | W46: 513 | X46: 564 | Y46: 567 | Z46: 508 | AA46: 539 | AB46: 605 | AC46: 582 | AD46: 532 | AE46: 732 | AF46: 613 | AG46: 548 | AH46: 609 | AI46: 551 | AJ46: 607 | AK46: 609 | AL46: 545 | AM46: 578 | AN46: 650 | AO46: 623 | AP46: 570 | AQ46: 784 | AR46: 656 | AS46: 588 | AT46: 652 | AU46: 590 | AV46: 650 | AW46: 651 | AX46: 585 | AY46: 620 | AZ46: 695 | BA46: 671 | BB46: 612 | BC46: 843 | BD46: 706 | BE46: 631 | BF46: 700 | BG46: 635 | BH46: 698 | BI46: 707 | BJ46: 846 | BK46: 1414 | BL46: 2048 | BM46: 792.125 | BN46: 792.125 | BO46: =SUM(H46:BN46) -> 47123.25
A47: PREFACE | B47: Salvarcar _ Juarez | H47: 5150 | I47: 6000 | J47: 4900 | K47: 4850 | L47: 4995.5 | M47: 5145.365 | N47: 5299.726 | O47: 5458.7177 | P47: 5622.4793 | Q47: 5791.1536 | R47: 5964.8882 | S47: 6143.8349 | T47: 5304.5 | U47: 6180 | V47: 5047 | W47: 4995.5 | X47: 5145.365 | Y47: 5299.726 | Z47: 5458.7177 | AA47: 5622.4793 | AB47: 5791.1536 | AC47: 5964.8882 | AD47: 6143.8349 | AE47: 6328.1499 | AF47: 5463.635 | AG47: 6365.4 | AH47: 5198.41 | AI47: 5145.365 | AJ47: 5299.726 | AK47: 5458.7177 | AL47: 5622.4793 | AM47: 5791.1536 | AN47: 5964.8882 | AO47: 6143.8349 | AP47: 6328.1499 | AQ47: 6517.9944 | AR47: 5627.5441 | AS47: 6556.362 | AT47: 5354.3623 | AU47: 5299.726 | AV47: 5458.7177 | AW47: 5622.4793 | AX47: 5791.1536 | AY47: 5964.8882 | AZ47: 6143.8349 | BA47: 6328.1499 | BB47: 6517.9944 | BC47: 6713.5343 | BD47: 5796.3704 | BE47: 6753.0529 | BF47: 5514.9932 | BG47: 5458.7177 | BH47: 5622.4793 | BI47: 5791.1536 | BJ47: 5964.8882 | BK47: 6143.8349 | BL47: 6328.1499 | BM47: 6517.9944 | BN47: 6713.5343 | BO47: =SUM(H47:BN47) -> 339886.65
A48: MYNX | B48: Cordis_Santa Clara | H48: 57080 | I48: 59443 | J48: 65731 | K48: 61433 | L48: 66468 | M48: 68995 | N48: 72994 | O48: 67873 | P48: 72596 | Q48: 83817 | R48: 67500 | S48: 71092 | T48: 78679 | U48: 70345 | V48: 79854 | W48: 67463 | X48: 73809 | Y48: 79060 | Z48: 72800 | AA48: 67036 | AB48: 72061 | AC48: 83394 | AD48: 72522 | AE48: 76922 | AF48: 85129 | AG48: 76122 | AH48: 86438 | AI48: 73095 | AJ48: 79962 | AK48: 85612 | AL48: 78849 | AM48: 72691 | AN48: 77888 | AO48: 90021 | AP48: 77387 | AQ48: 82018 | AR48: 90752 | AS48: 81170 | AT48: 92170 | AU48: 77998 | AV48: 85313 | AW48: 91288 | AX48: 84087 | AY48: 77625 | AZ48: 82820 | BA48: 95654 | BB48: 81964 | BC48: 86793 | BD48: 96051 | BE48: 85902 | BF48: 97565 | BG48: 82553 | BH48: 90287 | BI48: 96624 | BJ48: 89032 | BK48: 82389 | BL48: 86457 | BM48: 90050.375 | BN48: 90050.375 | BO48: =SUM(H48:BN48) -> 4688773.8
A49: CONTROL | B49: Cordis_Santa Clara | H49: 39511 | I49: 45157 | J49: 48295 | K49: 44511 | L49: 46614 | M49: 47073 | N49: 51261 | O49: 47107 | P49: 51759 | Q49: 58977 | R49: 47322 | S49: 48876 | T49: 54375 | U49: 49227 | V49: 55544 | W49: 46305 | X49: 51540 | Y49: 54747 | Z49: 50682 | AA49: 45902 | AB49: 50854 | AC49: 58016 | AD49: 50613 | AE49: 52798 | AF49: 58737 | AG49: 53191 | AH49: 60041 | AI49: 50120 | AJ49: 55781 | AK49: 59212 | AL49: 54832 | AM49: 49742 | AN49: 54860 | AO49: 62507 | AP49: 54164 | AQ49: 56447 | AR49: 62776 | AS49: 56863 | AT49: 64189 | AU49: 53645 | AV49: 59681 | AW49: 63304 | AX49: 58628 | AY49: 53299 | AZ49: 58412 | BA49: 66489 | BB49: 57346 | BC49: 59688 | BD49: 66397 | BE49: 60137 | BF49: 67905 | BG49: 56738 | BH49: 63118 | BI49: 66960 | BJ49: 62047 | BK49: 56603 | BL49: 60583 | BM49: 62488.125 | BN49: 62488.125
B51: Total (SUBTOTAL) | H51: =SUBTOTAL(9,H4:H47) -> 2731168.9 | I51: =SUBTOTAL(9,I4:I47) -> 3230932 | J51: =SUBTOTAL(9,J4:J47) -> 2656628.5 | K51: =SUBTOTAL(9,K4:K47) -> 2471132 | L51: =SUBTOTAL(9,L4:L47) -> 1861369.5 | M51: =SUBTOTAL(9,M4:M47) -> 2435563.4 | N51: =SUBTOTAL(9,N4:N47) -> 2387394.7 | O51: =SUBTOTAL(9,O4:O47) -> 2393580.7 | ... BO51: =SUBTOTAL(9,BO4:BO47) -> 1.6208924e+08
Q52: FY26 Total >>> | R52: =SUM(H51:R51) -> 27121344 | AC52: FY27 Total >>> | AD52: =SUM(S51:AD51) -> 30197382 | AO52: FY28 Total >>> | AP52: =SUM(AE51:AP51) -> 32464790 | BA52: FY29 Total >>> | BB52: =SUM(AQ51:BB51) -> 34897813 | BM52: FY30 Total >>> | BN52: =SUM(BC51:BN51) -> 37407908
Q53: *11 periods only

Sheet JZ_BRAND SPLITS
E1: =SUBTOTAL(9,E3:E77) -> 44 | G1: =SUBTOTAL(9,G3:G77) -> 2731168.9 | I1: =SUBTOTAL(9,I3:I77) -> 3230932 | K1: =SUBTOTAL(9,K3:K77) -> 2656628.5 | M1: =SUBTOTAL(9,M3:M77) -> 2471132 | O1: =SUBTOTAL(9,O3:O77) -> 1861369.5 | Q1: =SUBTOTAL(9,Q3:Q77) -> 2435563.4 | S1: =SUBTOTAL(9,S3:S77) -> 2387394.7 | U1: =SUBTOTAL(9,U3:U77) -> 2393580.7 | W1: =SUBTOTAL(9,W3:W77) -> 2364410.5 | Y1: =SUBTOTAL(9,Y3:Y77) -> 2362764.2 | AA1: =SUBTOTAL(9,AA3:AA77) -> 2226399.9 | AC1: =SUBTOTAL(9,AC3:AC77) -> 2542854.8 | AE1: =SUBTOTAL(9,AE3:AE77) -> 2613314.5 | AG1: =SUBTOTAL(9,AG3:AG77) -> 2431478 | AI1: =SUBTOTAL(9,AI3:AI77) -> 2505366 | AK1: =SUBTOTAL(9,AK3:AK77) -> 2455871.5 | AM1: =SUBTOTAL(9,AM3:AM77) -> 2707471.4 | AO1: =SUBTOTAL(9,AO3:AO77) -> 2630514.7 | AQ1: =SUBTOTAL(9,AQ3:AQ77) -> 2393385.7 | AS1: =SUBTOTAL(9,AS3:AS77) -> 2480216.5 | AU1: =SUBTOTAL(9,AU3:AU77) -> 2562350.2 | AW1: =SUBTOTAL(9,AW3:AW77) -> 2571185.9 | AY1: =SUBTOTAL(9,AY3:AY77) -> 2303372.8 | BA1: =SUBTOTAL(9,BA3:BA77) -> 2732965.1 | BC1: =SUBTOTAL(9,BC3:BC77) -> 2814780.6 | BE1: =SUBTOTAL(9,BE3:BE77) -> 2614920.4 | BG1: =SUBTOTAL(9,BG3:BG77) -> 2683646.4 | BI1: =SUBTOTAL(9,BI3:BI77) -> 2629877.4 | BK1: =SUBTOTAL(9,BK3:BK77) -> 2897943.7 | BM1: =SUBTOTAL(9,BM3:BM77) -> 2818210.7 | BO1: =SUBTOTAL(9,BO3:BO77) -> 2571422.5 | BQ1: =SUBTOTAL(9,BQ3:BQ77) -> 2666204.2 | BS1: =SUBTOTAL(9,BS3:BS77) -> 2759048.9 | BU1: =SUBTOTAL(9,BU3:BU77) -> 2785540.8 | BW1: =SUBTOTAL(9,BW3:BW77) -> 2490229.1 | BY1: =SUBTOTAL(9,BY3:BY77) -> 2951446 | CA1: =SUBTOTAL(9,CA3:CA77) -> 3046042.5 | CC1: =SUBTOTAL(9,CC3:CC77) -> 2825186.4 | CE1: =SUBTOTAL(9,CE3:CE77) -> 2886742.4 | CG1: =SUBTOTAL(9,CG3:CG77) -> 2829659.7 | CI1: =SUBTOTAL(9,CI3:CI77) -> 3118395.7 | CK1: =SUBTOTAL(9,CK3:CK77) -> 3037025 | CM1: =SUBTOTAL(9,CM3:CM77) -> 2786782.2 | CO1: =SUBTOTAL(9,CO3:CO77) -> 2849945.4 | CQ1: =SUBTOTAL(9,CQ3:CQ77) -> 2941262.3 | CS1: =SUBTOTAL(9,CS3:CS77) -> 2972515.6 | CU1: =SUBTOTAL(9,CU3:CU77) -> 2652810 | CW1: =SUBTOTAL(9,CW3:CW77) -> 3142704.1 | CY1: =SUBTOTAL(9,CY3:CY77) -> 3248730.9 | DA1: =SUBTOTAL(9,DA3:DA77) -> 3015870.1 | DC1: =SUBTOTAL(9,DC3:DC77) -> 3073794.5 | DE1: =SUBTOTAL(9,DE3:DE77) -> 3013723.2 | DG1: =SUBTOTAL(9,DG3:DG77) -> 3324222 | DI1: =SUBTOTAL(9,DI3:DI77) -> 3245433.6 | DK1: =SUBTOTAL(9,DK3:DK77) -> 3019464.3 | DM1: =SUBTOTAL(9,DM3:DM77) -> 2978887.8 | DO1: =SUBTOTAL(9,DO3:DO77) -> 3113776 | DQ1: =SUBTOTAL(9,DQ3:DQ77) -> 3115473.4 | DS1: =SUBTOTAL(9,DS3:DS77) -> 3115828 | DT1: =SUM(F1:DS1) -> 1.6208924e+08
A2: Resource ID | B2: Family | C2: Brand | D2: Concat (ID/BRAND) | E2: Resource ID % Brand | F2: Aug FY26 - BRAND TOTAL | G2: Aug FY26 - RESOURCE ID QTY | H2: Sep FY26 - BRAND TOTAL | I2: Sep FY26 - Resource ID QTY | J2: Oct FY26 - BRAND TOTAL | K2: Oct FY26 - Resource ID QTY | L2: Nov FY26 - BRAND TOTAL | M2: Nov FY26 - Resource ID QTY | N2: Dec FY26 - BRAND TOTAL | O2: Dec FY26 - Resource ID QTY | P2: Jan FY26 - BRAND TOTAL | Q2: Jan FY26 - Resource ID QTY | R2: Feb FY26 - BRAND TOTAL | S2: Feb FY26 - Resource ID QTY | T2: Mar FY26 - BRAND TOTAL | U2: Mar FY26 - Resource ID QTY | V2: Apr FY26 - BRAND TOTAL | W2: Apr FY26 - Resource ID QTY | X2: May FY26 - BRAND TOTAL | Y2: May FY26 - Resource ID QTY | Z2: Jun FY26 - BRAND TOTAL | AA2: Jun FY26 - Resource ID QTY | AB2: Jul FY27 - BRAND TOTAL | AC2: Jul FY27 - Resource ID QTY | AD2: Aug FY27 - BRAND TOTAL | AE2: Aug FY27 - Resource ID QTY | AF2: Sep FY27 - BRAND TOTAL | AG2: Sep FY27 - Resource ID QTY | AH2: Oct FY27 - BRAND TOTAL | AI2: Oct FY27 - Resource ID QTY | AJ2: Nov FY27 - BRAND TOTAL | AK2: Nov FY27 - Resource ID QTY | AL2: Dec FY27 - BRAND TOTAL | AM2: Dec FY27 - Resource ID QTY | AN2: Jan FY27 - BRAND TOTAL | AO2: Jan FY27 - Resource ID QTY | AP2: Feb FY27 - BRAND TOTAL | AQ2: Feb FY27 - Resource ID QTY | AR2: Mar FY27 - BRAND TOTAL | AS2: Mar FY27 - Resource ID QTY | AT2: Apr FY27 - BRAND TOTAL | AU2: Apr FY27 - Resource ID QTY | AV2: May FY27 - BRAND TOTAL | AW2: May FY27 - Resource ID QTY | AX2: Jun FY27 - BRAND TOTAL | AY2: Jun FY27 - Resource ID QTY | AZ2: Jul FY28 - BRAND TOTAL | BA2: Jul FY28 - Resource ID QTY | BB2: Aug FY28 - BRAND TOTAL | BC2: Aug FY28 - Resource ID QTY | BD2: Sep FY28 - BRAND TOTAL | BE2: Sep FY28 - Resource ID QTY | BF2: Oct FY28 - BRAND TOTAL | BG2: Oct FY28 - Resource ID QTY | BH2: Nov FY28 - BRAND TOTAL | BI2: Nov FY28 - Resource ID QTY | BJ2: Dec FY28 - BRAND TOTAL | BK2: Dec FY28 - Resource ID QTY | BL2: Jan FY28 - BRAND TOTAL | BM2: Jan FY28 - Resource ID QTY | BN2: Feb FY28 - BRAND TOTAL | BO2: Feb FY28 - Resource ID QTY | BP2: Mar FY28 - BRAND TOTAL | BQ2: Mar FY28 - Resource ID QTY | BR2: Apr FY28 - BRAND TOTAL | BS2: Apr FY28 - Resource ID QTY | BT2: May FY28 - BRAND TOTAL | BU2: May FY28 - Resource ID QTY | BV2: Jun FY28 - BRAND TOTAL | BW2: Jun FY28 - Resource ID QTY | BX2: Jul FY29 - BRAND TOTAL | BY2: Jul FY29 - Resource ID QTY | BZ2: Aug FY29 - BRAND TOTAL | CA2: Aug FY29 - Resource ID QTY | CB2: Sep FY29 - BRAND TOTAL | CC2: Sep FY29 - Resource ID QTY | CD2: Oct FY29 - BRAND TOTAL | CE2: Oct FY29 - Resource ID QTY | CF2: Nov FY29 - BRAND TOTAL | CG2: Nov FY29 - Resource ID QTY | CH2: Dec FY29 - BRAND TOTAL | CI2: Dec FY29 - Resource ID QTY | CJ2: Jan FY29 - BRAND TOTAL | CK2: Jan FY29 - Resource ID QTY | CL2: Feb FY29 - BRAND TOTAL | CM2: Feb FY29 - Resource ID QTY | CN2: Mar FY29 - BRAND TOTAL | CO2: Mar FY29 - Resource ID QTY | CP2: Apr FY29 - BRAND TOTAL | CQ2: Apr FY29 - Resource ID QTY | CR2: May FY29 - BRAND TOTAL | CS2: May FY29 - Resource ID QTY | CT2: Jun FY29 - BRAND TOTAL | CU2: Jun FY29 - Resource ID QTY | CV2: Jul FY30 - BRAND TOTAL | CW2: Jul FY30 - Resource ID QTY | CX2: Aug FY30 - BRAND TOTAL | CY2: Aug FY30 - Resource ID QTY | CZ2: Sep FY30 - BRAND TOTAL | DA2: Sep FY30 - Resource ID QTY | DB2: Oct FY30 - BRAND TOTAL | DC2: Oct FY30 - Resource ID QTY | DD2: Nov FY30 - BRAND TOTAL | DE2: Nov FY30 - Resource ID QTY | DF2: Dec FY30 - BRAND TOTAL | DG2: Dec FY30 - Resource ID QTY | DH2: Jan FY30 - BRAND TOTAL | DI2: Jan FY30 - Resource ID QTY | DJ2: Feb FY30 - BRAND TOTAL | DK2: Feb FY30 - Resource ID QTY | DL2: Mar FY30 - BRAND TOTAL | DM2: Mar FY30 - Resource ID QTY | DN2: Apr FY30 - BRAND TOTAL | DO2: Apr FY30 - Resource ID QTY | DP2: May FY30 - BRAND TOTAL | DQ2: May FY30 - Resource ID QTY | DR2: Jun FY30 - BRAND TOTAL | DS2: Jun FY30 - Resource ID QTY
A3: A00A | B3: CSI | C3: BRITE TIP | D3: =_xlfn.CONCAT(A3,C3) -> A00ABRITE TIP | E3: 0.26277528 | F3: =SUMIF('5 Year Supply Plan'!A:A,'JZ_BRAND SPLITS'!C3,'5 Year Supply Plan'!H:H) -> 159148 | G3: =F3*E3 -> 41820.16 | H3: =SUMIF('5 Year Supply Plan'!A:A,'JZ_BRAND SPLITS'!C3,'5 Year Supply Plan'!I:I) -> 155459 | I3: =H3*E3 -> 40850.782 | J3: =SUMIF('5 Year Supply Plan'!A:A,'JZ_BRAND SPLITS'!C3,'5 Year Supply Plan'!J:J) -> 128367 | K3: =J3*E3 -> 33731.674 | L3: =SUMIF('5 Year Supply Plan'!A:A,'JZ_BRAND SPLITS'!C3,'5 Year Supply Plan'!K:K) -> 95000 | M3: =L3*E3 -> 24963.652 | N3: =SUMIF('5 Year Supply Plan'!A:A,'JZ_BRAND SPLITS'!C3,'5 Year Supply Plan'!L:L) -> 60740 | O3: =N3*E3 -> 15960.971 | P3: =SUMIF('5 Year Supply Plan'!A:A,'JZ_BRAND SPLITS'!C3,'5 Year Supply Plan'!M:M) -> 80000 | Q3: =P3*E3 -> 21022.022 | R3: =SUMIF('5 Year Supply Plan'!A:A,'JZ_BRAND SPLITS'!C3,'5 Year Supply Plan'!N:N) -> 95000 | S3: =R3*E3 -> 24963.652 | T3: =SUMIF('5 Year Supply Plan'!A:A,'JZ_BRAND SPLITS'!C3,'5 Year Supply Plan'!O:O) -> 95000 | U3: =T3*E3 -> 24963.652 | V3: =SUMIF('5 Year Supply Plan'!A:A,'JZ_BRAND SPLITS'!C3,'5 Year Supply Plan'!P:P) -> 95000 | W3: =V3*E3 -> 24963.652 | X3: =SUMIF('5 Year Supply Plan'!A:A,'JZ_BRAND SPLITS'!C3,'5 Year Supply Plan'!Q:Q) -> 95000 | Y3: =X3*E3 -> 24963.652 | Z3: =SUMIF('5 Year Supply Plan'!A:A,'JZ_BRAND SPLITS'!C3,'5 Year Supply Plan'!R:R) -> 100000 | AA3: =Z3*E3 -> 26277.528 | AB3: =SUMIF('5 Year Supply Plan'!A:A,'JZ_BRAND SPLITS'!C3,'5 Year Supply Plan'!S:S) -> 108680 | AC3: =AB3*E3 -> 28558.417 | AD3: =SUMIF('5 Year Supply Plan'!A:A,'JZ_BRAND SPLITS'!C3,'5 Year Supply Plan'!T:T) -> 108509 | AE3: =AD3*E3 -> 28513.483 | AF3: =SUMIF('5 Year Supply Plan'!A:A,'JZ_BRAND SPLITS'!C3,'5 Year Supply Plan'!U:U) -> 105148 | AG3: =AF3*E3 -> 27630.295 | AH3: =SUMIF('5 Year Supply Plan'!A:A,'JZ_BRAND SPLITS'!C3,'5 Year Supply Plan'!V:V) -> 108298 | AI3: =AH3*E3 -> 28458.037 | AJ3: =SUMIF('5 Year Supply Plan'!A:A,'JZ_BRAND SPLITS'!C3,'5 Year Supply Plan'!W:W) -> 101096 | AK3: =E3*AJ3 -> 26565.53 | AL3: =SUMIF('5 Year Supply Plan'!A:A,'JZ_BRAND SPLITS'!C3,'5 Year Supply Plan'!X:X) -> 106931 | AM3: =AL3*E3 -> 28098.824 | AN3: =SUMIF('5 Year Supply Plan'!A:A,'JZ_BRAND SPLITS'!C3,'5 Year Supply Plan'!Y:Y) -> 102807 | AO3: =AN3*E3 -> 27015.138 | AP3: =SUMIF('5 Year Supply Plan'!A:A,'JZ_BRAND SPLITS'!C3,'5 Year Supply Plan'!Z:Z) -> 89522 | AQ3: =AP3*E3 -> 23524.169 | AR3: =SUMIF('5 Year Supply Plan'!A:A,'JZ_BRAND SPLITS'!C3,'5 Year Supply Plan'!AA:AA) -> 102972 | AS3: =AR3*E3 -> 27058.496 | AT3: =SUMIF('5 Year Supply Plan'!A:A,'JZ_BRAND SPLITS'!C3,'5 Year Supply Plan'!AB:AB) -> 116923 | AU3: =AT3*E3 -> 30724.474 | AV3: =SUMIF('5 Year Supply Plan'!A:A,'JZ_BRAND SPLITS'!C3,'5 Year Supply Plan'!AC:AC) -> 105515 | AW3: =AV3*E3 -> 27726.734 | AX3: =SUMIF('5 Year Supply Plan'!A:A,'JZ_BRAND SPLITS'!C3,'5 Year Supply Plan'!AD:AD) -> 91383 | AY3: =AX3*E3 -> 24013.193 | AZ3: =SUMIF('5 Year Supply Plan'!A:A,'JZ_BRAND SPLITS'!C3,'5 Year Supply Plan'!AE:AE) -> 111801 | BA3: =AZ3*E3 -> 29378.539 | BB3: =SUMIF('5 Year Supply Plan'!A:A,'JZ_BRAND SPLITS'!C3,'5 Year Supply Plan'!AF:AF) -> 111595 | BC3: =BB3*E3 -> 29324.407 | BD3: =SUMIF('5 Year Supply Plan'!A:A,'JZ_BRAND SPLITS'!C3,'5 Year Supply Plan'!AG:AG) -> 108097 | BE3: =BD3*E3 -> 28405.219 | BF3: =SUMIF('5 Year Supply Plan'!A:A,'JZ_BRAND SPLITS'!C3,'5 Year Supply Plan'!AH:AH) -> 111224 | BG3: =BF3*E3 -> 29226.918 | BH3: =SUMIF('5 Year Supply Plan'!A:A,'JZ_BRAND SPLITS'!C3,'5 Year Supply Plan'!AI:AI) -> 103927 | BI3: =BH3*E3 -> 27309.447 | BJ3: =SUMIF('5 Year Supply Plan'!A:A,'JZ_BRAND SPLITS'!C3,'5 Year Supply Plan'!AJ:AJ) -> 110058 | BK3: =BJ3*E3 -> 28920.522 | BL3: =SUMIF('5 Year Supply Plan'!A:A,'JZ_BRAND SPLITS'!C3,'5 Year Supply Plan'!AK:AK) -> 105845 | BM3: =BL3*E3 -> 27813.45 | BN3: =SUMIF('5 Year Supply Plan'!A:A,'JZ_BRAND SPLITS'!C3,'5 Year Supply Plan'!AL:AL) -> 92075 | BO3: =BN3*E3 -> 24195.034 | BP3: =SUMIF('5 Year Supply Plan'!A:A,'JZ_BRAND SPLITS'!C3,'5 Year Supply Plan'!AM:AM) -> 106215 | BQ3: =BP3*E3 -> 27910.676 | BR3: =SUMIF('5 Year Supply Plan'!A:A,'JZ_BRAND SPLITS'!C3,'5 Year Supply Plan'!AN:AN) -> 121018 | BS3: =BR3*E3 -> 31800.539 | BT3: =SUMIF('5 Year Supply Plan'!A:A,'JZ_BRAND SPLITS'!C3,'5 Year Supply Plan'!AO:AO) -> 109939 | BU3: =BT3*E3 -> 28889.252 | BV3: =SUMIF('5 Year Supply Plan'!A:A,'JZ_BRAND SPLITS'!C3,'5 Year Supply Plan'!AP:AP) -> 95222 | BW3: =BV3*E3 -> 25021.988 | BX3: =SUMIF('5 Year Supply Plan'!A:A,'JZ_BRAND SPLITS'!C3,'5 Year Supply Plan'!AQ:AQ) -> 116566 | BY3: =BX3*E3 -> 30630.663 | BZ3: =SUMIF('5 Year Supply Plan'!A:A,'JZ_BRAND SPLITS'!C3,'5 Year Supply Plan'!AR:AR) -> 116333 | CA3: =BZ3*E3 -> 30569.437 | CB3: =SUMIF('5 Year Supply Plan'!A:A,'JZ_BRAND SPLITS'!C3,'5 Year Supply Plan'!AS:AS) -> 112657 | CC3: =CB3*E3 -> 29603.475 | CD3: =SUMIF('5 Year Supply Plan'!A:A,'JZ_BRAND SPLITS'!C3,'5 Year Supply Plan'!AT:AT) -> 115835 | CE3: =CD3*E3 -> 30438.575 | CF3: =SUMIF('5 Year Supply Plan'!A:A,'JZ_BRAND SPLITS'!C3,'5 Year Supply Plan'!AU:AU) -> 108309 | CG3: =CF3*E3 -> 28460.928 | CH3: =SUMIF('5 Year Supply Plan'!A:A,'JZ_BRAND SPLITS'!C3,'5 Year Supply Plan'!AV:AV) -> 114793 | CI3: =CH3*E3 -> 30164.763 | CJ3: =SUMIF('5 Year Supply Plan'!A:A,'JZ_BRAND SPLITS'!C3,'5 Year Supply Plan'!AW:AW) -> 110416 | CK3: =CJ3*E3 -> 29014.595 | CL3: =SUMIF('5 Year Supply Plan'!A:A,'JZ_BRAND SPLITS'!C3,'5 Year Supply Plan'!AX:AX) -> 96042 | CM3: =CL3*E3 -> 25237.463 | CN3: =SUMIF('5 Year Supply Plan'!A:A,'JZ_BRAND SPLITS'!C3,'5 Year Supply Plan'!AY:AY) -> 110495 | CO3: =CN3*E3 -> 29035.355 | CP3: =SUMIF('5 Year Supply Plan'!A:A,'JZ_BRAND SPLITS'!C3,'5 Year Supply Plan'!AZ:AZ) -> 125741 | CQ3: =CP3*E3 -> 33041.627 | CR3: =SUMIF('5 Year Supply Plan'!A:A,'JZ_BRAND SPLITS'!C3,'5 Year Supply Plan'!BA:BA) -> 114320 | CS3: =CR3*E3 -> 30040.47 | CT3: =SUMIF('5 Year Supply Plan'!A:A,'JZ_BRAND SPLITS'!C3,'5 Year Supply Plan'!BB:BB) -> 98918 | CU3: =CT3*E3 -> 25993.205 | CV3: =SUMIF('5 Year Supply Plan'!A:A,'JZ_BRAND SPLITS'!C3,'5 Year Supply Plan'!BC:BC) -> 121156 | CW3: =CV3*E3 -> 31836.802 | CX3: =SUMIF('5 Year Supply Plan'!A:A,'JZ_BRAND SPLITS'!C3,'5 Year Supply Plan'!BD:BD) -> 120888 | CY3: =CX3*E3 -> 31766.378 | CZ3: =SUMIF('5 Year Supply Plan'!A:A,'JZ_BRAND SPLITS'!C3,'5 Year Supply Plan'!BE:BE) -> 117018 | DA3: =CZ3*E3 -> 30749.438 | DB3: =SUMIF('5 Year Supply Plan'!A:A,'JZ_BRAND SPLITS'!C3,'5 Year Supply Plan'!BF:BF) -> 120215 | DC3: =DB3*E3 -> 31589.53 | DD3: =SUMIF('5 Year Supply Plan'!A:A,'JZ_BRAND SPLITS'!C3,'5 Year Supply Plan'!BG:BG) -> 112512 | DE3: =DD3*E3 -> 29565.372 | DF3: =SUMIF('5 Year Supply Plan'!A:A,'JZ_BRAND SPLITS'!C3,'5 Year Supply Plan'!BH:BH) -> 119373 | DG3: =DF3*E3 -> 31368.274 | DH3: =SUMIF('5 Year Supply Plan'!A:A,'JZ_BRAND SPLITS'!C3,'5 Year Supply Plan'!BI:BI) -> 114863 | DI3: =DH3*E3 -> 30183.157 | DJ3: =SUMIF('5 Year Supply Plan'!A:A,'JZ_BRAND SPLITS'!C3,'5 Year Supply Plan'!BJ:BJ) -> 99895 | DK3: =DJ3*E3 -> 26249.937 | DL3: =SUMIF('5 Year Supply Plan'!A:A,'JZ_BRAND SPLITS'!C3,'5 Year Supply Plan'!BK:BK) -> 103796 | DM3: =DL3*E3 -> 27275.023 | DN3: =SUMIF('5 Year Supply Plan'!A:A,'JZ_BRAND SPLITS'!C3,'5 Year Supply Plan'!BL:BL) -> 115239 | DO3: =DN3*E3 -> 30281.961 | DP3: =SUMIF('5 Year Supply Plan'!A:A,'JZ_BRAND SPLITS'!C3,'5 Year Supply Plan'!BM:BM) -> 113570 | DQ3: =DP3*E3 -> 29843.389 | DR3: =SUMIF('5 Year Supply Plan'!A:A,'JZ_BRAND SPLITS'!C3,'5 Year Supply Plan'!BN:BN) -> 113570 | DS3: =DR3*E3 -> 29843.389 | DT3: =DS3+DQ3+DO3+DM3+DK3+DI3+DG3+DE3+DC3+DA3+CY3+CW3+CU3+CS3+CQ3+CO3+CM3+CK3+CI3+CG3+CE3+CC3+CA3+BY3+BW3+BU3+BS3+BQ3+BO3+BM3+BK3+BI3+BG3+BE3+BC3+BA3+AY3+AW3+AU3+AS3+AQ3+AO3+AM3+AK3+AI3+AG3+AE3+AC3+AA3+Y3+W3+U3+S3+Q3+O3+M3+K3+I3+G3 -> 1683347.4 | DU3: =SUMIF('5 Year Supply Plan'!A:A,'JZ_BRAND SPLITS'!C3,'5 Year Supply Plan'!BO:BO) -> 6406034
A4: A00A | B4: CSI | C4: LONG SHEATH | D4: =_xlfn.CONCAT(A4,C4) -> A00ALONG SHEATH | E4: 1 | F4: =SUMIF('5 Year Supply Plan'!A:A,'JZ_BRAND SPLITS'!C4,'5 Year Supply Plan'!H:H) -> 3774.7332 | G4: =F4*E4 -> 3774.7332 | H4: =SUMIF('5 Year Supply Plan'!A:A,'JZ_BRAND SPLITS'!C4,'5 Year Supply Plan'!I:I) -> 1296.9573 | I4: =H4*E4 -> 1296.9573 | J4: =SUMIF('5 Year Supply Plan'!A:A,'JZ_BRAND SPLITS'!C4,'5 Year Supply Plan'!J:J) -> 1045.3728 | K4: =J4*E4 -> 1045.3728 | L4: =SUMIF('5 Year Supply Plan'!A:A,'JZ_BRAND SPLITS'!C4,'5 Year Supply Plan'!K:K) -> 946 | M4: =L4*E4 -> 946 | N4: =SUMIF('5 Year Supply Plan'!A:A,'JZ_BRAND SPLITS'!C4,'5 Year Supply Plan'!L:L) -> 905 | O4: =N4*E4 -> 905 | P4: =SUMIF('5 Year Supply Plan'!A:A,'JZ_BRAND SPLITS'!C4,'5 Year Supply Plan'!M:M) -> 1062 | Q4: =P4*E4 -> 1062 | R4: =SUMIF('5 Year Supply Plan'!A:A,'JZ_BRAND SPLITS'!C4,'5 Year Supply Plan'!N:N) -> 1039 | S4: =R4*E4 -> 1039 | T4: =SUMIF('5 Year Supply Plan'!A:A,'JZ_BRAND SPLITS'!C4,'5 Year Supply Plan'!O:O) -> 987 | U4: =T4*E4 -> 987 | V4: =SUMIF('5 Year Supply Plan'!A:A,'JZ_BRAND SPLITS'!C4,'5 Year Supply Plan'!P:P) -> 928 | W4: =V4*E4 -> 928 | X4: =SUMIF('5 Year Supply Plan'!A:A,'JZ_BRAND SPLITS'!C4,'5 Year Supply Plan'!Q:Q) -> 1008 | Y4: =X4*E4 -> 1008 | Z4: =SUMIF('5 Year Supply Plan'!A:A,'JZ_BRAND SPLITS'!C4,'5 Year Supply Plan'!R:R) -> 1053 | AA4: =Z4*E4 -> 1053 | AB4: =SUMIF('5 Year Supply Plan'!A:A,'JZ_BRAND SPLITS'!C4,'5 Year Supply Plan'!S:S) -> 1226 | AC4: =AB4*E4 -> 1226 | AD4: =SUMIF('5 Year Supply Plan'!A:A,'JZ_BRAND SPLITS'!C4,'5 Year Supply Plan'!T:T) -> 1229 | AE4: =AD4*E4 -> 1229 | AF4: =SUMIF('5 Year Supply Plan'!A:A,'JZ_BRAND SPLITS'!C4,'5 Year Supply Plan'!U:U) -> 1120 | AG4: =AF4*E4 -> 1120 | AH4: =SUMIF('5 Year Supply Plan'!A:A,'JZ_BRAND SPLITS'!C4,'5 Year Supply Plan'!V:V) -> 1193 | AI4: =AH4*E4 -> 1193 | AJ4: =SUMIF('5 Year Supply Plan'!A:A,'JZ_BRAND SPLITS'!C4,'5 Year Supply Plan'!W:W) -> 1141 | AK4: =E4*AJ4 -> 1141 | AL4: =SUMIF('5 Year Supply Plan'!A:A,'JZ_BRAND SPLITS'!C4,'5 Year Supply Plan'!X:X) -> 1263 | AM4: =AL4*E4 -> 1263 | AN4: =SUMIF('5 Year Supply Plan'!A:A,'JZ_BRAND SPLITS'!C4,'5 Year Supply Plan'!Y:Y) -> 1255 | AO4: =AN4*E4 -> 1255 | AP4: =SUMIF('5 Year Supply Plan'!A:A,'JZ_BRAND SPLITS'!C4,'5 Year Supply Plan'!Z:Z) -> 1154 | AQ4: =AP4*E4 -> 1154 | AR4: =SUMIF('5 Year Supply Plan'!A:A,'JZ_BRAND SPLITS'!C4,'5 Year Supply Plan'!AA:AA) -> 1140 | AS4: =AR4*E4 -> 1140 | AT4: =SUMIF('5 Year Supply Plan'!A:A,'JZ_BRAND SPLITS'!C4,'5 Year Supply Plan'!AB:AB) -> 1150 | AU4: =AT4*E4 -> 1150 | AV4: =SUMIF('5 Year Supply Plan'!A:A,'JZ_BRAND SPLITS'!C4,'5 Year Supply Plan'!AC:AC) -> 1182 | AW4: =AV4*E4 -> 1182 | AX4: =SUMIF('5 Year Supply Plan'!A:A,'JZ_BRAND SPLITS'!C4,'5 Year Supply Plan'!AD:AD) -> 1053 | AY4: =AX4*E4 -> 1053 | AZ4: =SUMIF('5 Year Supply Plan'!A:A,'JZ_BRAND SPLITS'!C4,'5 Year Supply Plan'!AE:AE) -> 1229 | BA4: =AZ4*E4 -> 1229 | BB4: =SUMIF('5 Year Supply Plan'!A:A,'JZ_BRAND SPLITS'!C4,'5 Year Supply Plan'!AF:AF) -> 1229 | BC4: =BB4*E4 -> 1229 | BD4: =SUMIF('5 Year Supply Plan'!A:A,'JZ_BRAND SPLITS'!C4,'5 Year Supply Plan'!AG:AG) -> 1123 | BE4: =BD4*E4 -> 1123 | BF4: =SUMIF('5 Year Supply Plan'!A:A,'JZ_BRAND SPLITS'!C4,'5 Year Supply Plan'!AH:AH) -> 1194 | BG4: =BF4*E4 -> 1194 | BH4: =SUMIF('5 Year Supply Plan'!A:A,'JZ_BRAND SPLITS'!C4,'5 Year Supply Plan'!AI:AI) -> 1141 | BI4: =BH4*E4 -> 1141 | BJ4: =SUMIF('5 Year Supply Plan'!A:A,'JZ_BRAND SPLITS'!C4,'5 Year Supply Plan'!AJ:AJ) -> 1265 | BK4: =BJ4*E4 -> 1265 | BL4: =SUMIF('5 Year Supply Plan'!A:A,'JZ_BRAND SPLITS'!C4,'5 Year Supply Plan'!AK:AK) -> 1255 | BM4: =BL4*E4 -> 1255 | BN4: =SUMIF('5 Year Supply Plan'!A:A,'JZ_BRAND SPLITS'!C4,'5 Year Supply Plan'!AL:AL) -> 1152 | BO4: =BN4*E4 -> 1152 | BP4: =SUMIF('5 Year Supply Plan'!A:A,'JZ_BRAND SPLITS'!C4,'5 Year Supply Plan'!AM:AM) -> 1149 | BQ4: =BP4*E4 -> 1149 | BR4: =SUMIF('5 Year Supply Plan'!A:A,'JZ_BRAND SPLITS'!C4,'5 Year Supply Plan'!AN:AN) -> 1173 | BS4: =BR4*E4 -> 1173 | BT4: =SUMIF('5 Year Supply Plan'!A:A,'JZ_BRAND SPLITS'!C4,'5 Year Supply Plan'!AO:AO) -> 1204 | BU4: =BT4*E4 -> 1204 | BV4: =SUMIF('5 Year Supply Plan'!A:A,'JZ_BRAND SPLITS'!C4,'5 Year Supply Plan'!AP:AP) -> 1071 | BW4: =BV4*E4 -> 1071 | BX4: =SUMIF('5 Year Supply Plan'!A:A,'JZ_BRAND SPLITS'!C4,'5 Year Supply Plan'!AQ:AQ) -> 1256 | BY4: =BX4*E4 -> 1256 | BZ4: =SUMIF('5 Year Supply Plan'!A:A,'JZ_BRAND SPLITS'!C4,'5 Year Supply Plan'!AR:AR) -> 1251 | CA4: =BZ4*E4 -> 1251 | CB4: =SUMIF('5 Year Supply Plan'!A:A,'JZ_BRAND SPLITS'!C4,'5 Year Supply Plan'!AS:AS) -> 1144 | CC4: =CB4*E4 -> 1144 | CD4: =SUMIF('5 Year Supply Plan'!A:A,'JZ_BRAND SPLITS'!C4,'5 Year Supply Plan'!AT:AT) -> 1215 | CE4: =CD4*E4 -> 1215 | CF4: =SUMIF('5 Year Supply Plan'!A:A,'JZ_BRAND SPLITS'!C4,'5 Year Supply Plan'!AU:AU) -> 1162 | CG4: =CF4*E4 -> 1162 | CH4: =SUMIF('5 Year Supply Plan'!A:A,'JZ_BRAND SPLITS'!C4,'5 Year Supply Plan'!AV:AV) -> 1290 | CI4: =CH4*E4 -> 1290 | CJ4: =SUMIF('5 Year Supply Plan'!A:A,'JZ_BRAND SPLITS'!C4,'5 Year Supply Plan'!AW:AW) -> 1279 | CK4: =CJ4*E4 -> 1279 | CL4: =SUMIF('5 Year Supply Plan'!A:A,'JZ_BRAND SPLITS'!C4,'5 Year Supply Plan'!AX:AX) -> 1172 | CM4: =CL4*E4 -> 1172 | CN4: =SUMIF('5 Year Supply Plan'!A:A,'JZ_BRAND SPLITS'!C4,'5 Year Supply Plan'!AY:AY) -> 1167 | CO4: =CN4*E4 -> 1167 | CP4: =SUMIF('5 Year Supply Plan'!A:A,'JZ_BRAND SPLITS'!C4,'5 Year Supply Plan'!AZ:AZ) -> 1190 | CQ4: =CP4*E4 -> 1190 | CR4: =SUMIF('5 Year Supply Plan'!A:A,'JZ_BRAND SPLITS'!C4,'5 Year Supply Plan'!BA:BA) -> 1220 | CS4: =CR4*E4 -> 1220 | CT4: =SUMIF('5 Year Supply Plan'!A:A,'JZ_BRAND SPLITS'!C4,'5 Year Supply Plan'!BB:BB) -> 1087 | CU4: =CT4*E4 -> 1087 | CV4: =SUMIF('5 Year Supply Plan'!A:A,'JZ_BRAND SPLITS'!C4,'5 Year Supply Plan'!BC:BC) -> 1271 | CW4: =CV4*E4 -> 1271 | CX4: =SUMIF('5 Year Supply Plan'!A:A,'JZ_BRAND SPLITS'!C4,'5 Year Supply Plan'!BD:BD) -> 1271 | CY4: =CX4*E4 -> 1271 | CZ4: =SUMIF('5 Year Supply Plan'!A:A,'JZ_BRAND SPLITS'!C4,'5 Year Supply Plan'!BE:BE) -> 1159 | DA4: =CZ4*E4 -> 1159 | DB4: =SUMIF('5 Year Supply Plan'!A:A,'JZ_BRAND SPLITS'!C4,'5 Year Supply Plan'!BF:BF) -> 1231 | DC4: =DB4*E4 -> 1231 | DD4: =SUMIF('5 Year Supply Plan'!A:A,'JZ_BRAND SPLITS'!C4,'5 Year Supply Plan'!BG:BG) -> 1179 | DE4: =DD4*E4 -> 1179 | DF4: =SUMIF('5 Year Supply Plan'!A:A,'JZ_BRAND SPLITS'!C4,'5 Year Supply Plan'!BH:BH) -> 1308 | DG4: =DF4*E4 -> 1308 | DH4: =SUMIF('5 Year Supply Plan'!A:A,'JZ_BRAND SPLITS'!C4,'5 Year Supply Plan'!BI:BI) -> 1296 | DI4: =DH4*E4 -> 1296 | DJ4: =SUMIF('5 Year Supply Plan'!A:A,'JZ_BRAND SPLITS'!C4,'5 Year Supply Plan'!BJ:BJ) -> 1198 | DK4: =DJ4*E4 -> 1198 | DL4: =SUMIF('5 Year Supply Plan'!A:A,'JZ_BRAND SPLITS'!C4,'5 Year Supply Plan'!BK:BK) -> 1303 | DM4: =DL4*E4 -> 1303 | DN4: =SUMIF('5 Year Supply Plan'!A:A,'JZ_BRAND SPLITS'!C4,'5 Year Supply Plan'!BL:BL) -> 1491 | DO4: =DN4*E4 -> 1491 | DP4: =SUMIF('5 Year Supply Plan'!A:A,'JZ_BRAND SPLITS'!C4,'5 Year Supply Plan'!BM:BM) -> 1243.125 | DQ4: =DP4*E4 -> 1243.125 | DR4: =SUMIF('5 Year Supply Plan'!A:A,'JZ_BRAND SPLITS'!C4,'5 Year Supply Plan'!BN:BN) -> 1243.125 | DS4: =DR4*E4 -> 1243.125 | DT4: =DS4+DQ4+DO4+DM4+DK4+DI4+DG4+DE4+DC4+DA4+CY4+CW4+CU4+CS4+CQ4+CO4+CM4+CK4+CI4+CG4+CE4+CC4+CA4+BY4+BW4+BU4+BS4+BQ4+BO4+BM4+BK4+BI4+BG4+BE4+BC4+BA4+AY4+AW4+AU4+AS4+AQ4+AO4+AM4+AK4+AI4+AG4+AE4+AC4+AA4+Y4+W4+U4+S4+Q4+O4+M4+K4+I4+G4 -> 71962.313 | DU4: =SUMIF('5 Year Supply Plan'!A:A,'JZ_BRAND SPLITS'!C4,'5 Year Supply Plan'!BO:BO) -> 71962.313
A5: A00B | B5: CSI | C5: AVANTI PLUS | D5: =_xlfn.CONCAT(A5,C5) -> A00BAVANTI PLUS | E5: 0.016312046 | F5: =SUMIF('5 Year Supply Plan'!A:A,'JZ_BRAND SPLITS'!C5,'5 Year Supply Plan'!H:H) -> 563176.73 | G5: =F5*E5 -> 9186.5645 | H5: =SUMIF('5 Year Supply Plan'!A:A,'JZ_BRAND SPLITS'!C5,'5 Year Supply Plan'!I:I) -> 676363.35 | I5: =H5*E5 -> 11032.87 | J5: =SUMIF('5 Year Supply Plan'!A:A,'JZ_BRAND SPLITS'!C5,'5 Year Supply Plan'!J:J) -> 563719.94 | K5: =J5*E5 -> 9195.4253 | L5: =SUMIF('5 Year Supply Plan'!A:A,'JZ_BRAND SPLITS'!C5,'5 Year Supply Plan'!K:K) -> 512615 | M5: =L5*E5 -> 8361.7992 | N5: =SUMIF('5 Year Supply Plan'!A:A,'JZ_BRAND SPLITS'!C5,'5 Year Supply Plan'!L:L) -> 483484 | O5: =N5*E5 -> 7886.613 | P5: =SUMIF('5 Year Supply Plan'!A:A,'JZ_BRAND SPLITS'!C5,'5 Year Supply Plan'!M:M) -> 511792 | Q5: =P5*E5 -> 8348.3744 | R5: =SUMIF('5 Year Supply Plan'!A:A,'JZ_BRAND SPLITS'!C5,'5 Year Supply Plan'!N:N) -> 480492 | S5: =R5*E5 -> 7837.8074 | T5: =SUMIF('5 Year Supply Plan'!A:A,'JZ_BRAND SPLITS'!C5,'5 Year Supply Plan'!O:O) -> 475448 | U5: =T5*E5 -> 7755.5294 | V5: =SUMIF('5 Year Supply Plan'!A:A,'JZ_BRAND SPLITS'!C5,'5 Year Supply Plan'!P:P) -> 493730 | W5: =V5*E5 -> 8053.7463 | X5: =SUMIF('5 Year Supply Plan'!A:A,'JZ_BRAND SPLITS'!C5,'5 Year Supply Plan'!Q:Q) -> 540517 | Y5: =X5*E5 -> 8816.9379 | Z5: =SUMIF('5 Year Supply Plan'!A:A,'JZ_BRAND SPLITS'!C5,'5 Year Supply Plan'!R:R) -> 475766 | AA5: =Z5*E5 -> 7760.7167 | AB5: =SUMIF('5 Year Supply Plan'!A:A,'JZ_BRAND SPLITS'!C5,'5 Year Supply Plan'!S:S) -> 547931 | AC5: =AB5*E5 -> 8937.8754 | AD5: =SUMIF('5 Year Supply Plan'!A:A,'JZ_BRAND SPLITS'!C5,'5 Year Supply Plan'!T:T) -> 559087 | AE5: =AD5*E5 -> 9119.8526 | AF5: =SUMIF('5 Year Supply Plan'!A:A,'JZ_BRAND SPLITS'!C5,'5 Year Supply Plan'!U:U) -> 524750 | AG5: =AF5*E5 -> 8559.7459 | AH5: =SUMIF('5 Year Supply Plan'!A:A,'JZ_BRAND SPLITS'!C5,'5 Year Supply Plan'!V:V) -> 554431 | AI5: =AH5*E5 -> 9043.9037 | AJ5: =SUMIF('5 Year Supply Plan'!A:A,'JZ_BRAND SPLITS'!C5,'5 Year Supply Plan'!W:W) -> 525662 | AK5: =E5*AJ5 -> 8574.6225 | AL5: =SUMIF('5 Year Supply Plan'!A:A,'JZ_BRAND SPLITS'!C5,'5 Year Supply Plan'!X:X) -> 564556 | AM5: =AL5*E5 -> 9209.0632 | AN5: =SUMIF('5 Year Supply Plan'!A:A,'JZ_BRAND SPLITS'!C5,'5 Year Supply Plan'!Y:Y) -> 549100 | AO5: =AN5*E5 -> 8956.9442 | AP5: =SUMIF('5 Year Supply Plan'!A:A,'JZ_BRAND SPLITS'!C5,'5 Year Supply Plan'!Z:Z) -> 493951 | AQ5: =AP5*E5 -> 8057.3512 | AR5: =SUMIF('5 Year Supply Plan'!A:A,'JZ_BRAND SPLITS'!C5,'5 Year Supply Plan'!AA:AA) -> 499570 | AS5: =AR5*E5 -> 8149.0086 | AT5: =SUMIF('5 Year Supply Plan'!A:A,'JZ_BRAND SPLITS'!C5,'5 Year Supply Plan'!AB:AB) -> 536652 | AU5: =AT5*E5 -> 8753.8919 | AV5: =SUMIF('5 Year Supply Plan'!A:A,'JZ_BRAND SPLITS'!C5,'5 Year Supply Plan'!AC:AC) -> 603150 | AW5: =AV5*E5 -> 9838.6103 | AX5: =SUMIF('5 Year Supply Plan'!A:A,'JZ_BRAND SPLITS'!C5,'5 Year Supply Plan'!AD:AD) -> 519690 | AY5: =AX5*E5 -> 8477.207 | AZ5: =SUMIF('5 Year Supply Plan'!A:A,'JZ_BRAND SPLITS'!C5,'5 Year Supply Plan'!AE:AE) -> 594140 | BA5: =AZ5*E5 -> 9691.6387 | BB5: =SUMIF('5 Year Supply Plan'!A:A,'JZ_BRAND SPLITS'!C5,'5 Year Supply Plan'!AF:AF) -> 606784 | BC5: =BB5*E5 -> 9897.8883 | BD5: =SUMIF('5 Year Supply Plan'!A:A,'JZ_BRAND SPLITS'!C5,'5 Year Supply Plan'!AG:AG) -> 570808 | BE5: =BD5*E5 -> 9311.0461 | BF5: =SUMIF('5 Year Supply Plan'!A:A,'JZ_BRAND SPLITS'!C5,'5 Year Supply Plan'!AH:AH) -> 602016 | BG5: =BF5*E5 -> 9820.1124 | BH5: =SUMIF('5 Year Supply Plan'!A:A,'JZ_BRAND SPLITS'!C5,'5 Year Supply Plan'!AI:AI) -> 569110 | BI5: =BH5*E5 -> 9283.3482 | BJ5: =SUMIF('5 Year Supply Plan'!A:A,'JZ_BRAND SPLITS'!C5,'5 Year Supply Plan'!AJ:AJ) -> 612307 | BK5: =BJ5*E5 -> 9987.9797 | BL5: =SUMIF('5 Year Supply Plan'!A:A,'JZ_BRAND SPLITS'!C5,'5 Year Supply Plan'!AK:AK) -> 596015 | BM5: =BL5*E5 -> 9722.2238 | BN5: =SUMIF('5 Year Supply Plan'!A:A,'JZ_BRAND SPLITS'!C5,'5 Year Supply Plan'!AL:AL) -> 535369 | BO5: =BN5*E5 -> 8732.9635 | BP5: =SUMIF('5 Year Supply Plan'!A:A,'JZ_BRAND SPLITS'!C5,'5 Year Supply Plan'!AM:AM) -> 541992 | BQ5: =BP5*E5 -> 8840.9982 | BR5: =SUMIF('5 Year Supply Plan'!A:A,'JZ_BRAND SPLITS'!C5,'5 Year Supply Plan'!AN:AN) -> 585661 | BS5: =BR5*E5 -> 9553.3289 | BT5: =SUMIF('5 Year Supply Plan'!A:A,'JZ_BRAND SPLITS'!C5,'5 Year Supply Plan'!AO:AO) -> 661295 | BU5: =BT5*E5 -> 10787.074 | BV5: =SUMIF('5 Year Supply Plan'!A:A,'JZ_BRAND SPLITS'!C5,'5 Year Supply Plan'!AP:AP) -> 568036 | BW5: =BV5*E5 -> 9265.8291 | BX5: =SUMIF('5 Year Supply Plan'!A:A,'JZ_BRAND SPLITS'!C5,'5 Year Supply Plan'!AQ:AQ) -> 648742 | BY5: =BX5*E5 -> 10582.309 | BZ5: =SUMIF('5 Year Supply Plan'!A:A,'JZ_BRAND SPLITS'!C5,'5 Year Supply Plan'!AR:AR) -> 663107 | CA5: =BZ5*E5 -> 10816.632 | CB5: =SUMIF('5 Year Supply Plan'!A:A,'JZ_BRAND SPLITS'!C5,'5 Year Supply Plan'!AS:AS) -> 624999 | CC5: =CB5*E5 -> 10195.012 | CD5: =SUMIF('5 Year Supply Plan'!A:A,'JZ_BRAND SPLITS'!C5,'5 Year Supply Plan'!AT:AT) -> 658341 | CE5: =CD5*E5 -> 10738.888 | CF5: =SUMIF('5 Year Supply Plan'!A:A,'JZ_BRAND SPLITS'!C5,'5 Year Supply Plan'!AU:AU) -> 620716 | CG5: =CF5*E5 -> 10125.148 | CH5: =SUMIF('5 Year Supply Plan'!A:A,'JZ_BRAND SPLITS'!C5,'5 Year Supply Plan'!AV:AV) -> 668885 | CI5: =CH5*E5 -> 10910.883 | CJ5: =SUMIF('5 Year Supply Plan'!A:A,'JZ_BRAND SPLITS'!C5,'5 Year Supply Plan'!AW:AW) -> 651687 | CK5: =CJ5*E5 -> 10630.348 | CL5: =SUMIF('5 Year Supply Plan'!A:A,'JZ_BRAND SPLITS'!C5,'5 Year Supply Plan'!AX:AX) -> 588125 | CM5: =CL5*E5 -> 9593.5218 | CN5: =SUMIF('5 Year Supply Plan'!A:A,'JZ_BRAND SPLITS'!C5,'5 Year Supply Plan'!AY:AY) -> 585427 | CO5: =CN5*E5 -> 9549.5119 | CP5: =SUMIF('5 Year Supply Plan'!A:A,'JZ_BRAND SPLITS'!C5,'5 Year Supply Plan'!AZ:AZ) -> 628285 | CQ5: =CP5*E5 -> 10248.614 | CR5: =SUMIF('5 Year Supply Plan'!A:A,'JZ_BRAND SPLITS'!C5,'5 Year Supply Plan'!BA:BA) -> 708352 | CS5: =CR5*E5 -> 11554.67 | CT5: =SUMIF('5 Year Supply Plan'!A:A,'JZ_BRAND SPLITS'!C5,'5 Year Supply Plan'!BB:BB) -> 606943 | CU5: =CT5*E5 -> 9900.4819 | CV5: =SUMIF('5 Year Supply Plan'!A:A,'JZ_BRAND SPLITS'!C5,'5 Year Supply Plan'!BC:BC) -> 692926 | CW5: =CV5*E5 -> 11303.04 | CX5: =SUMIF('5 Year Supply Plan'!A:A,'JZ_BRAND SPLITS'!C5,'5 Year Supply Plan'!BD:BD) -> 708698 | CY5: =CX5*E5 -> 11560.314 | CZ5: =SUMIF('5 Year Supply Plan'!A:A,'JZ_BRAND SPLITS'!C5,'5 Year Supply Plan'!BE:BE) -> 668755 | DA5: =CZ5*E5 -> 10908.762 | DB5: =SUMIF('5 Year Supply Plan'!A:A,'JZ_BRAND SPLITS'!C5,'5 Year Supply Plan'!BF:BF) -> 703607 | DC5: =DB5*E5 -> 11477.269 | DD5: =SUMIF('5 Year Supply Plan'!A:A,'JZ_BRAND SPLITS'!C5,'5 Year Supply Plan'!BG:BG) -> 662336 | DE5: =DD5*E5 -> 10804.055 | DF5: =SUMIF('5 Year Supply Plan'!A:A,'JZ_BRAND SPLITS'!C5,'5 Year Supply Plan'!BH:BH) -> 714368 | DG5: =DF5*E5 -> 11652.803 | DH5: =SUMIF('5 Year Supply Plan'!A:A,'JZ_BRAND SPLITS'!C5,'5 Year Supply Plan'!BI:BI) -> 698262 | DI5: =DH5*E5 -> 11390.082 | DJ5: =SUMIF('5 Year Supply Plan'!A:A,'JZ_BRAND SPLITS'!C5,'5 Year Supply Plan'!BJ:BJ) -> 660826 | DK5: =DJ5*E5 -> 10779.424 | DL5: =SUMIF('5 Year Supply Plan'!A:A,'JZ_BRAND SPLITS'!C5,'5 Year Supply Plan'!BK:BK) -> 639327 | DM5: =DL5*E5 -> 10428.731 | DN5: =SUMIF('5 Year Supply Plan'!A:A,'JZ_BRAND SPLITS'!C5,'5 Year Supply Plan'!BL:BL) -> 659980 | DO5: =DN5*E5 -> 10765.624 | DP5: =SUMIF('5 Year Supply Plan'!A:A,'JZ_BRAND SPLITS'!C5,'5 Year Supply Plan'!BM:BM) -> 682022.38 | DQ5: =DP5*E5 -> 11125.18 | DR5: =SUMIF('5 Year Supply Plan'!A:A,'JZ_BRAND SPLITS'!C5,'5 Year Supply Plan'!BN:BN) -> 682022.38 | DS5: =DR5*E5 -> 11125.18 | DT5: =DS5+DQ5+DO5+DM5+DK5+DI5+DG5+DE5+DC5+DA5+CY5+CW5+CU5+CS5+CQ5+CO5+CM5+CK5+CI5+CG5+CE5+CC5+CA5+BY5+BW5+BU5+BS5+BQ5+BO5+BM5+BK5+BI5+BG5+BE5+BC5+BA5+AY5+AW5+AU5+AS5+AQ5+AO5+AM5+AK5+AI5+AG5+AE5+AC5+AA5+Y5+W5+U5+S5+Q5+O5+M5+K5+I5+G5 -> 572975.38 | DU5: =SUMIF('5 Year Supply Plan'!A:A,'JZ_BRAND SPLITS'!C5,'5 Year Supply Plan'!BO:BO) -> 35125906
A6: A00B | B6: CSI | C6: VESSEL DILATOR | D6: =_xlfn.CONCAT(A6,C6) -> A00BVESSEL DILATOR | E6: 1 | F6: =SUMIF('5 Year Supply Plan'!A:A,'JZ_BRAND SPLITS'!C6,'5 Year Supply Plan'!H:H) -> 8219.9326 | G6: =F6*E6 -> 8219.9326 | H6: =SUMIF('5 Year Supply Plan'!A:A,'JZ_BRAND SPLITS'!C6,'5 Year Supply Plan'!I:I) -> 10991.341 | I6: =H6*E6 -> 10991.341 | J6: =SUMIF('5 Year Supply Plan'!A:A,'JZ_BRAND SPLITS'!C6,'5 Year Supply Plan'!J:J) -> 9068.7031 | K6: =J6*E6 -> 9068.7031 | L6: =SUMIF('5 Year Supply Plan'!A:A,'JZ_BRAND SPLITS'!C6,'5 Year Supply Plan'!K:K) -> 4197 | M6: =L6*E6 -> 4197 | N6: =SUMIF('5 Year Supply Plan'!A:A,'JZ_BRAND SPLITS'!C6,'5 Year Supply Plan'!L:L) -> 8022 | O6: =N6*E6 -> 8022 | P6: =SUMIF('5 Year Supply Plan'!A:A,'JZ_BRAND SPLITS'!C6,'5 Year Supply Plan'!M:M) -> 8056 | Q6: =P6*E6 -> 8056 | R6: =SUMIF('5 Year Supply Plan'!A:A,'JZ_BRAND SPLITS'!C6,'5 Year Supply Plan'!N:N) -> 7947 | S6: =R6*E6 -> 7947 | T6: =SUMIF('5 Year Supply Plan'!A:A,'JZ_BRAND SPLITS'!C6,'5 Year Supply Plan'!O:O) -> 8411 | U6: =T6*E6 -> 8411 | V6: =SUMIF('5 Year Supply Plan'!A:A,'JZ_BRAND SPLITS'!C6,'5 Year Supply Plan'!P:P) -> 8400 | W6: =V6*E6 -> 8400 | X6: =SUMIF('5 Year Supply Plan'!A:A,'JZ_BRAND SPLITS'!C6,'5 Year Supply Plan'!Q:Q) -> 8307 | Y6: =X6*E6 -> 8307 | Z6: =SUMIF('5 Year Supply Plan'!A:A,'JZ_BRAND SPLITS'!C6,'5 Year Supply Plan'!R:R) -> 7849 | AA6: =Z6*E6 -> 7849 | AB6: =SUMIF('5 Year Supply Plan'!A:A,'JZ_BRAND SPLITS'!C6,'5 Year Supply Plan'!S:S) -> 9264 | AC6: =AB6*E6 -> 9264 | AD6: =SUMIF('5 Year Supply Plan'!A:A,'JZ_BRAND SPLITS'!C6,'5 Year Supply Plan'!T:T) -> 9613 | AE6: =AD6*E6 -> 9613 | AF6: =SUMIF('5 Year Supply Plan'!A:A,'JZ_BRAND SPLITS'!C6,'5 Year Supply Plan'!U:U) -> 9336 | AG6: =AF6*E6 -> 9336 | AH6: =SUMIF('5 Year Supply Plan'!A:A,'JZ_BRAND SPLITS'!C6,'5 Year Supply Plan'!V:V) -> 9856 | AI6: =AH6*E6 -> 9856 | AJ6: =SUMIF('5 Year Supply Plan'!A:A,'JZ_BRAND SPLITS'!C6,'5 Year Supply Plan'!W:W) -> 9237 | AK6: =E6*AJ6 -> 9237 | AL6: =SUMIF('5 Year Supply Plan'!A:A,'JZ_BRAND SPLITS'!C6,'5 Year Supply Plan'!X:X) -> 8858 | AM6: =AL6*E6 -> 8858 | AN6: =SUMIF('5 Year Supply Plan'!A:A,'JZ_BRAND SPLITS'!C6,'5 Year Supply Plan'!Y:Y) -> 8149 | AO6: =AN6*E6 -> 8149 | AP6: =SUMIF('5 Year Supply Plan'!A:A,'JZ_BRAND SPLITS'!C6,'5 Year Supply Plan'!Z:Z) -> 8005 | AQ6: =AP6*E6 -> 8005 | AR6: =SUMIF('5 Year Supply Plan'!A:A,'JZ_BRAND SPLITS'!C6,'5 Year Supply Plan'!AA:AA) -> 8456 | AS6: =AR6*E6 -> 8456 | AT6: =SUMIF('5 Year Supply Plan'!A:A,'JZ_BRAND SPLITS'!C6,'5 Year Supply Plan'!AB:AB) -> 8402 | AU6: =AT6*E6 -> 8402 | AV6: =SUMIF('5 Year Supply Plan'!A:A,'JZ_BRAND SPLITS'!C6,'5 Year Supply Plan'!AC:AC) -> 8422 | AW6: =AV6*E6 -> 8422 | AX6: =SUMIF('5 Year Supply Plan'!A:A,'JZ_BRAND SPLITS'!C6,'5 Year Supply Plan'!AD:AD) -> 7924 | AY6: =AX6*E6 -> 7924 | AZ6: =SUMIF('5 Year Supply Plan'!A:A,'JZ_BRAND SPLITS'!C6,'5 Year Supply Plan'!AE:AE) -> 9398 | BA6: =AZ6*E6 -> 9398 | BB6: =SUMIF('5 Year Supply Plan'!A:A,'JZ_BRAND SPLITS'!C6,'5 Year Supply Plan'!AF:AF) -> 9718 | BC6: =BB6*E6 -> 9718 | BD6: =SUMIF('5 Year Supply Plan'!A:A,'JZ_BRAND SPLITS'!C6,'5 Year Supply Plan'!AG:AG) -> 9428 | BE6: =BD6*E6 -> 9428 | BF6: =SUMIF('5 Year Supply Plan'!A:A,'JZ_BRAND SPLITS'!C6,'5 Year Supply Plan'!AH:AH) -> 9932 | BG6: =BF6*E6 -> 9932 | BH6: =SUMIF('5 Year Supply Plan'!A:A,'JZ_BRAND SPLITS'!C6,'5 Year Supply Plan'!AI:AI) -> 9328 | BI6: =BH6*E6 -> 9328 | BJ6: =SUMIF('5 Year Supply Plan'!A:A,'JZ_BRAND SPLITS'!C6,'5 Year Supply Plan'!AJ:AJ) -> 8989 | BK6: =BJ6*E6 -> 8989 | BL6: =SUMIF('5 Year Supply Plan'!A:A,'JZ_BRAND SPLITS'!C6,'5 Year Supply Plan'!AK:AK) -> 8276 | BM6: =BL6*E6 -> 8276 | BN6: =SUMIF('5 Year Supply Plan'!A:A,'JZ_BRAND SPLITS'!C6,'5 Year Supply Plan'!AL:AL) -> 8101 | BO6: =BN6*E6 -> 8101 | BP6: =SUMIF('5 Year Supply Plan'!A:A,'JZ_BRAND SPLITS'!C6,'5 Year Supply Plan'!AM:AM) -> 8601 | BQ6: =BP6*E6 -> 8601 | BR6: =SUMIF('5 Year Supply Plan'!A:A,'JZ_BRAND SPLITS'!C6,'5 Year Supply Plan'!AN:AN) -> 8626 | BS6: =BR6*E6 -> 8626 | BT6: =SUMIF('5 Year Supply Plan'!A:A,'JZ_BRAND SPLITS'!C6,'5 Year Supply Plan'!AO:AO) -> 8591 | BU6: =BT6*E6 -> 8591 | BV6: =SUMIF('5 Year Supply Plan'!A:A,'JZ_BRAND SPLITS'!C6,'5 Year Supply Plan'!AP:AP) -> 8067 | BW6: =BV6*E6 -> 8067 | BX6: =SUMIF('5 Year Supply Plan'!A:A,'JZ_BRAND SPLITS'!C6,'5 Year Supply Plan'!AQ:AQ) -> 9590 | BY6: =BX6*E6 -> 9590 | BZ6: =SUMIF('5 Year Supply Plan'!A:A,'JZ_BRAND SPLITS'!C6,'5 Year Supply Plan'!AR:AR) -> 9900 | CA6: =BZ6*E6 -> 9900 | CB6: =SUMIF('5 Year Supply Plan'!A:A,'JZ_BRAND SPLITS'!C6,'5 Year Supply Plan'!AS:AS) -> 9599 | CC6: =CB6*E6 -> 9599 | CD6: =SUMIF('5 Year Supply Plan'!A:A,'JZ_BRAND SPLITS'!C6,'5 Year Supply Plan'!AT:AT) -> 10097 | CE6: =CD6*E6 -> 10097 | CF6: =SUMIF('5 Year Supply Plan'!A:A,'JZ_BRAND SPLITS'!C6,'5 Year Supply Plan'!AU:AU) -> 9497 | CG6: =CF6*E6 -> 9497 | CH6: =SUMIF('5 Year Supply Plan'!A:A,'JZ_BRAND SPLITS'!C6,'5 Year Supply Plan'!AV:AV) -> 9176 | CI6: =CH6*E6 -> 9176 | CJ6: =SUMIF('5 Year Supply Plan'!A:A,'JZ_BRAND SPLITS'!C6,'5 Year Supply Plan'!AW:AW) -> 8451 | CK6: =CJ6*E6 -> 8451 | CL6: =SUMIF('5 Year Supply Plan'!A:A,'JZ_BRAND SPLITS'!C6,'5 Year Supply Plan'!AX:AX) -> 8247 | CM6: =CL6*E6 -> 8247 | CN6: =SUMIF('5 Year Supply Plan'!A:A,'JZ_BRAND SPLITS'!C6,'5 Year Supply Plan'!AY:AY) -> 8747 | CO6: =CN6*E6 -> 8747 | CP6: =SUMIF('5 Year Supply Plan'!A:A,'JZ_BRAND SPLITS'!C6,'5 Year Supply Plan'!AZ:AZ) -> 8849 | CQ6: =CP6*E6 -> 8849 | CR6: =SUMIF('5 Year Supply Plan'!A:A,'JZ_BRAND SPLITS'!C6,'5 Year Supply Plan'!BA:BA) -> 8819 | CS6: =CR6*E6 -> 8819 | CT6: =SUMIF('5 Year Supply Plan'!A:A,'JZ_BRAND SPLITS'!C6,'5 Year Supply Plan'!BB:BB) -> 8252 | CU6: =CT6*E6 -> 8252 | CV6: =SUMIF('5 Year Supply Plan'!A:A,'JZ_BRAND SPLITS'!C6,'5 Year Supply Plan'!BC:BC) -> 9856 | CW6: =CV6*E6 -> 9856 | CX6: =SUMIF('5 Year Supply Plan'!A:A,'JZ_BRAND SPLITS'!C6,'5 Year Supply Plan'!BD:BD) -> 10136 | CY6: =CX6*E6 -> 10136 | CZ6: =SUMIF('5 Year Supply Plan'!A:A,'JZ_BRAND SPLITS'!C6,'5 Year Supply Plan'!BE:BE) -> 9820 | DA6: =CZ6*E6 -> 9820 | DB6: =SUMIF('5 Year Supply Plan'!A:A,'JZ_BRAND SPLITS'!C6,'5 Year Supply Plan'!BF:BF) -> 10306 | DC6: =DB6*E6 -> 10306 | DD6: =SUMIF('5 Year Supply Plan'!A:A,'JZ_BRAND SPLITS'!C6,'5 Year Supply Plan'!BG:BG) -> 9713 | DE6: =DD6*E6 -> 9713 | DF6: =SUMIF('5 Year Supply Plan'!A:A,'JZ_BRAND SPLITS'!C6,'5 Year Supply Plan'!BH:BH) -> 9431 | DG6: =DF6*E6 -> 9431 | DH6: =SUMIF('5 Year Supply Plan'!A:A,'JZ_BRAND SPLITS'!C6,'5 Year Supply Plan'!BI:BI) -> 8699 | DI6: =DH6*E6 -> 8699 | DJ6: =SUMIF('5 Year Supply Plan'!A:A,'JZ_BRAND SPLITS'!C6,'5 Year Supply Plan'!BJ:BJ) -> 8382 | DK6: =DJ6*E6 -> 8382 | DL6: =SUMIF('5 Year Supply Plan'!A:A,'JZ_BRAND SPLITS'!C6,'5 Year Supply Plan'!BK:BK) -> 8643 | DM6: =DL6*E6 -> 8643 | DN6: =SUMIF('5 Year Supply Plan'!A:A,'JZ_BRAND SPLITS'!C6,'5 Year Supply Plan'!BL:BL) -> 8788 | DO6: =DN6*E6 -> 8788 | DP6: =SUMIF('5 Year Supply Plan'!A:A,'JZ_BRAND SPLITS'!C6,'5 Year Supply Plan'!BM:BM) -> 9391.25 | DQ6: =DP6*E6 -> 9391.25 | DR6: =SUMIF('5 Year Supply Plan'!A:A,'JZ_BRAND SPLITS'!C6,'5 Year Supply Plan'!BN:BN) -> 9391.25 | DS6: =DR6*E6 -> 9391.25 | DT6: =DS6+DQ6+DO6+DM6+DK6+DI6+DG6+DE6+DC6+DA6+CY6+CW6+CU6+CS6+CQ6+CO6+CM6+CK6+CI6+CG6+CE6+CC6+CA6+BY6+BW6+BU6+BS6+BQ6+BO6+BM6+BK6+BI6+BG6+BE6+BC6+BA6+AY6+AW6+AU6+AS6+AQ6+AO6+AM6+AK6+AI6+AG6+AE6+AC6+AA6+Y6+W6+U6+S6+Q6+O6+M6+K6+I6+G6 -> 523826.48 | DU6: =SUMIF('5 Year Supply Plan'!A:A,'JZ_BRAND SPLITS'!C6,'5 Year Supply Plan'!BO:BO) -> 523826.48
A7: A00B | B7: CSI | C7: BRITE TIP (MODIFIED) | D7: =_xlfn.CONCAT(A7,C7) -> A00BBRITE TIP (MODIFIED) | E7: 0.86857143 | F7: =SUMIF('5 Year Supply Plan'!A:A,'JZ_BRAND SPLITS'!C7,'5 Year Supply Plan'!H:H) -> 3.340271 | G7: =F7*E7 -> 2.901264 | H7: =SUMIF('5 Year Supply Plan'!A:A,'JZ_BRAND SPLITS'!C7,'5 Year Supply Plan'!I:I) -> 5.309954 | I7: =H7*E7 -> 4.6120743 | J7: =SUMIF('5 Year Supply Plan'!A:A,'JZ_BRAND SPLITS'!C7,'5 Year Supply Plan'!J:J) -> 11.367846 | K7: =J7*E7 -> 9.8737862 | L7: =SUMIF('5 Year Supply Plan'!A:A,'JZ_BRAND SPLITS'!C7,'5 Year Supply Plan'!K:K) -> 0 | M7: =L7*E7 -> 0 | N7: =SUMIF('5 Year Supply Plan'!A:A,'JZ_BRAND SPLITS'!C7,'5 Year Supply Plan'!L:L) -> 0 | O7: =N7*E7 -> 0 | P7: =SUMIF('5 Year Supply Plan'!A:A,'JZ_BRAND SPLITS'!C7,'5 Year Supply Plan'!M:M) -> 0 | Q7: =P7*E7 -> 0 | R7: =SUMIF('5 Year Supply Plan'!A:A,'JZ_BRAND SPLITS'!C7,'5 Year Supply Plan'!N:N) -> 0 | S7: =R7*E7 -> 0 | T7: =SUMIF('5 Year Supply Plan'!A:A,'JZ_BRAND SPLITS'!C7,'5 Year Supply Plan'!O:O) -> 0 | U7: =T7*E7 -> 0 | V7: =SUMIF('5 Year Supply Plan'!A:A,'JZ_BRAND SPLITS'!C7,'5 Year Supply Plan'!P:P) -> 0 | W7: =V7*E7 -> 0 | X7: =SUMIF('5 Year Supply Plan'!A:A,'JZ_BRAND SPLITS'!C7,'5 Year Supply Plan'!Q:Q) -> 0 | Y7: =X7*E7 -> 0 | Z7: =SUMIF('5 Year Supply Plan'!A:A,'JZ_BRAND SPLITS'!C7,'5 Year Supply Plan'!R:R) -> 0 | AA7: =Z7*E7 -> 0 | AB7: =SUMIF('5 Year Supply Plan'!A:A,'JZ_BRAND SPLITS'!C7,'5 Year Supply Plan'!S:S) -> 0 | AC7: =AB7*E7 -> 0 | AD7: =SUMIF('5 Year Supply Plan'!A:A,'JZ_BRAND SPLITS'!C7,'5 Year Supply Plan'!T:T) -> 0 | AE7: =AD7*E7 -> 0 | AF7: =SUMIF('5 Year Supply Plan'!A:A,'JZ_BRAND SPLITS'!C7,'5 Year Supply Plan'!U:U) -> 0 | AG7: =AF7*E7 -> 0 | AH7: =SUMIF('5 Year Supply Plan'!A:A,'JZ_BRAND SPLITS'!C7,'5 Year Supply Plan'!V:V) -> 0 | AI7: =AH7*E7 -> 0 | AJ7: =SUMIF('5 Year Supply Plan'!A:A,'JZ_BRAND SPLITS'!C7,'5 Year Supply Plan'!W:W) -> 0 | AK7: =E7*AJ7 -> 0 | AL7: =SUMIF('5 Year Supply Plan'!A:A,'JZ_BRAND SPLITS'!C7,'5 Year Supply Plan'!X:X) -> 0 | AM7: =AL7*E7 -> 0 | AN7: =SUMIF('5 Year Supply Plan'!A:A,'JZ_BRAND SPLITS'!C7,'5 Year Supply Plan'!Y:Y) -> 0 | AO7: =AN7*E7 -> 0 | AP7: =SUMIF('5 Year Supply Plan'!A:A,'JZ_BRAND SPLITS'!C7,'5 Year Supply Plan'!Z:Z) -> 0 | AQ7: =AP7*E7 -> 0 | AR7: =SUMIF('5 Year Supply Plan'!A:A,'JZ_BRAND SPLITS'!C7,'5 Year Supply Plan'!AA:AA) -> 0 | AS7: =AR7*E7 -> 0 | AT7: =SUMIF('5 Year Supply Plan'!A:A,'JZ_BRAND SPLITS'!C7,'5 Year Supply Plan'!AB:AB) -> 0 | AU7: =AT7*E7 -> 0 | AV7: =SUMIF('5 Year Supply Plan'!A:A,'JZ_BRAND SPLITS'!C7,'5 Year Supply Plan'!AC:AC) -> 0 | AW7: =AV7*E7 -> 0 | AX7: =SUMIF('5 Year Supply Plan'!A:A,'JZ_BRAND SPLITS'!C7,'5 Year Supply Plan'!AD:AD) -> 0 | AY7: =AX7*E7 -> 0 | AZ7: =SUMIF('5 Year Supply Plan'!A:A,'JZ_BRAND SPLITS'!C7,'5 Year Supply Plan'!AE:AE) -> 0 | BA7: =AZ7*E7 -> 0 | BB7: =SUMIF('5 Year Supply Plan'!A:A,'JZ_BRAND SPLITS'!C7,'5 Year Supply Plan'!AF:AF) -> 0 | BC7: =BB7*E7 -> 0 | BD7: =SUMIF('5 Year Supply Plan'!A:A,'JZ_BRAND SPLITS'!C7,'5 Year Supply Plan'!AG:AG) -> 0 | BE7: =BD7*E7 -> 0 | BF7: =SUMIF('5 Year Supply Plan'!A:A,'JZ_BRAND SPLITS'!C7,'5 Year Supply Plan'!AH:AH) -> 0 | BG7: =BF7*E7 -> 0 | BH7: =SUMIF('5 Year Supply Plan'!A:A,'JZ_BRAND SPLITS'!C7,'5 Year Supply Plan'!AI:AI) -> 0 | BI7: =BH7*E7 -> 0 | BJ7: =SUMIF('5 Year Supply Plan'!A:A,'JZ_BRAND SPLITS'!C7,'5 Year Supply Plan'!AJ:AJ) -> 0 | BK7: =BJ7*E7 -> 0 | BL7: =SUMIF('5 Year Supply Plan'!A:A,'JZ_BRAND SPLITS'!C7,'5 Year Supply Plan'!AK:AK) -> 0 | BM7: =BL7*E7 -> 0 | BN7: =SUMIF('5 Year Supply Plan'!A:A,'JZ_BRAND SPLITS'!C7,'5 Year Supply Plan'!AL:AL) -> 0 | BO7: =BN7*E7 -> 0 | BP7: =SUMIF('5 Year Supply Plan'!A:A,'JZ_BRAND SPLITS'!C7,'5 Year Supply Plan'!AM:AM) -> 0 | BQ7: =BP7*E7 -> 0 | BR7: =SUMIF('5 Year Supply Plan'!A:A,'JZ_BRAND SPLITS'!C7,'5 Year Supply Plan'!AN:AN) -> 0 | BS7: =BR7*E7 -> 0 | BT7: =SUMIF('5 Year Supply Plan'!A:A,'JZ_BRAND SPLITS'!C7,'5 Year Supply Plan'!AO:AO) -> 0 | BU7: =BT7*E7 -> 0 | BV7: =SUMIF('5 Year Supply Plan'!A:A,'JZ_BRAND SPLITS'!C7,'5 Year Supply Plan'!AP:AP) -> 0 | BW7: =BV7*E7 -> 0 | BX7: =SUMIF('5 Year Supply Plan'!A:A,'JZ_BRAND SPLITS'!C7,'5 Year Supply Plan'!AQ:AQ) -> 0 | BY7: =BX7*E7 -> 0 | BZ7: =SUMIF('5 Year Supply Plan'!A:A,'JZ_BRAND SPLITS'!C7,'5 Year Supply Plan'!AR:AR) -> 0 | CA7: =BZ7*E7 -> 0 | CB7: =SUMIF('5 Year Supply Plan'!A:A,'JZ_BRAND SPLITS'!C7,'5 Year Supply Plan'!AS:AS) -> 0 | CC7: =CB7*E7 -> 0 | CD7: =SUMIF('5 Year Supply Plan'!A:A,'JZ_BRAND SPLITS'!C7,'5 Year Supply Plan'!AT:AT) -> 0 | CE7: =CD7*E7 -> 0 | CF7: =SUMIF('5 Year Supply Plan'!A:A,'JZ_BRAND SPLITS'!C7,'5 Year Supply Plan'!AU:AU) -> 0 | CG7: =CF7*E7 -> 0 | CH7: =SUMIF('5 Year Supply Plan'!A:A,'JZ_BRAND SPLITS'!C7,'5 Year Supply Plan'!AV:AV) -> 0 | CI7: =CH7*E7 -> 0 | CJ7: =SUMIF('5 Year Supply Plan'!A:A,'JZ_BRAND SPLITS'!C7,'5 Year Supply Plan'!AW:AW) -> 0 | CK7: =CJ7*E7 -> 0 | CL7: =SUMIF('5 Year Supply Plan'!A:A,'JZ_BRAND SPLITS'!C7,'5 Year Supply Plan'!AX:AX) -> 0 | CM7: =CL7*E7 -> 0 | CN7: =SUMIF('5 Year Supply Plan'!A:A,'JZ_BRAND SPLITS'!C7,'5 Year Supply Plan'!AY:AY) -> 0 | CO7: =CN7*E7 -> 0 | CP7: =SUMIF('5 Year Supply Plan'!A:A,'JZ_BRAND SPLITS'!C7,'5 Year Supply Plan'!AZ:AZ) -> 0 | CQ7: =CP7*E7 -> 0 | CR7: =SUMIF('5 Year Supply Plan'!A:A,'JZ_BRAND SPLITS'!C7,'5 Year Supply Plan'!BA:BA) -> 0 | CS7: =CR7*E7 -> 0 | CT7: =SUMIF('5 Year Supply Plan'!A:A,'JZ_BRAND SPLITS'!C7,'5 Year Supply Plan'!BB:BB) -> 0 | CU7: =CT7*E7 -> 0 | CV7: =SUMIF('5 Year Supply Plan'!A:A,'JZ_BRAND SPLITS'!C7,'5 Year Supply Plan'!BC:BC) -> 0 | CW7: =CV7*E7 -> 0 | CX7: =SUMIF('5 Year Supply Plan'!A:A,'JZ_BRAND SPLITS'!C7,'5 Year Supply Plan'!BD:BD) -> 0 | CY7: =CX7*E7 -> 0 | CZ7: =SUMIF('5 Year Supply Plan'!A:A,'JZ_BRAND SPLITS'!C7,'5 Year Supply Plan'!BE:BE) -> 0 | DA7: =CZ7*E7 -> 0 | DB7: =SUMIF('5 Year Supply Plan'!A:A,'JZ_BRAND SPLITS'!C7,'5 Year Supply Plan'!BF:BF) -> 0 | DC7: =DB7*E7 -> 0 | DD7: =SUMIF('5 Year Supply Plan'!A:A,'JZ_BRAND SPLITS'!C7,'5 Year Supply Plan'!BG:BG) -> 0 | DE7: =DD7*E7 -> 0 | DF7: =SUMIF('5 Year Supply Plan'!A:A,'JZ_BRAND SPLITS'!C7,'5 Year Supply Plan'!BH:BH) -> 0 | DG7: =DF7*E7 -> 0 | DH7: =SUMIF('5 Year Supply Plan'!A:A,'JZ_BRAND SPLITS'!C7,'5 Year Supply Plan'!BI:BI) -> 0 | DI7: =DH7*E7 -> 0 | DJ7: =SUMIF('5 Year Supply Plan'!A:A,'JZ_BRAND SPLITS'!C7,'5 Year Supply Plan'!BJ:BJ) -> 0 | DK7: =DJ7*E7 -> 0 | DL7: =SUMIF('5 Year Supply Plan'!A:A,'JZ_BRAND SPLITS'!C7,'5 Year Supply Plan'!BK:BK) -> 0 | DM7: =DL7*E7 -> 0 | DN7: =SUMIF('5 Year Supply Plan'!A:A,'JZ_BRAND SPLITS'!C7,'5 Year Supply Plan'!BL:BL) -> 0 | DO7: =DN7*E7 -> 0 | DP7: =SUMIF('5 Year Supply Plan'!A:A,'JZ_BRAND SPLITS'!C7,'5 Year Supply Plan'!BM:BM) -> 0 | DQ7: =DP7*E7 -> 0 | DR7: =SUMIF('5 Year Supply Plan'!A:A,'JZ_BRAND SPLITS'!C7,'5 Year Supply Plan'!BN:BN) -> 0 | DS7: =DR7*E7 -> 0 | DT7: =DS7+DQ7+DO7+DM7+DK7+DI7+DG7+DE7+DC7+DA7+CY7+CW7+CU7+CS7+CQ7+CO7+CM7+CK7+CI7+CG7+CE7+CC7+CA7+BY7+BW7+BU7+BS7+BQ7+BO7+BM7+BK7+BI7+BG7+BE7+BC7+BA7+AY7+AW7+AU7+AS7+AQ7+AO7+AM7+AK7+AI7+AG7+AE7+AC7+AA7+Y7+W7+U7+S7+Q7+O7+M7+K7+I7+G7 -> 17.387125 | DU7: =SUMIF('5 Year Supply Plan'!A:A,'JZ_BRAND SPLITS'!C7,'5 Year Supply Plan'!BO:BO) -> 20.018071
A8: A00B | B8: CSI | C8: VISTA BRITE TIP (MODIFIED) | D8: =_xlfn.CONCAT(A8,C8) -> A00BVISTA BRITE TIP (MODIFIED) | E8: 0 | F8: =SUMIF('5 Year Supply Plan'!A:A,'JZ_BRAND SPLITS'!C8,'5 Year Supply Plan'!H:H) -> 2205 | G8: =F8*E8 -> 0 | H8: =SUMIF('5 Year Supply Plan'!A:A,'JZ_BRAND SPLITS'!C8,'5 Year Supply Plan'!I:I) -> 2880 | I8: =H8*E8 -> 0 | J8: =SUMIF('5 Year Supply Plan'!A:A,'JZ_BRAND SPLITS'!C8,'5 Year Supply Plan'!J:J) -> 2400 | K8: =J8*E8 -> 0 | L8: =SUMIF('5 Year Supply Plan'!A:A,'JZ_BRAND SPLITS'!C8,'5 Year Supply Plan'!K:K) -> 1132 | M8: =L8*E8 -> 0 | N8: =SUMIF('5 Year Supply Plan'!A:A,'JZ_BRAND SPLITS'!C8,'5 Year Supply Plan'!L:L) -> 836 | O8: =N8*E8 -> 0 | P8: =SUMIF('5 Year Supply Plan'!A:A,'JZ_BRAND SPLITS'!C8,'5 Year Supply Plan'!M:M) -> 1187 | Q8: =P8*E8 -> 0 | R8: =SUMIF('5 Year Supply Plan'!A:A,'JZ_BRAND SPLITS'!C8,'5 Year Supply Plan'!N:N) -> 1117 | S8: =R8*E8 -> 0 | T8: =SUMIF('5 Year Supply Plan'!A:A,'JZ_BRAND SPLITS'!C8,'5 Year Supply Plan'!O:O) -> 1171 | U8: =T8*E8 -> 0 | V8: =SUMIF('5 Year Supply Plan'!A:A,'JZ_BRAND SPLITS'!C8,'5 Year Supply Plan'!P:P) -> 617 | W8: =V8*E8 -> 0 | X8: =SUMIF('5 Year Supply Plan'!A:A,'JZ_BRAND SPLITS'!C8,'5 Year Supply Plan'!Q:Q) -> 541 | Y8: =X8*E8 -> 0 | Z8: =SUMIF('5 Year Supply Plan'!A:A,'JZ_BRAND SPLITS'!C8,'5 Year Supply Plan'!R:R) -> 496 | AA8: =Z8*E8 -> 0 | AB8: =SUMIF('5 Year Supply Plan'!A:A,'JZ_BRAND SPLITS'!C8,'5 Year Supply Plan'!S:S) -> 682 | AC8: =AB8*E8 -> 0 | AD8: =SUMIF('5 Year Supply Plan'!A:A,'JZ_BRAND SPLITS'!C8,'5 Year Supply Plan'!T:T) -> 570 | AE8: =AD8*E8 -> 0 | AF8: =SUMIF('5 Year Supply Plan'!A:A,'JZ_BRAND SPLITS'!C8,'5 Year Supply Plan'!U:U) -> 510 | AG8: =AF8*E8 -> 0 | AH8: =SUMIF('5 Year Supply Plan'!A:A,'JZ_BRAND SPLITS'!C8,'5 Year Supply Plan'!V:V) -> 568 | AI8: =AH8*E8 -> 0 | AJ8: =SUMIF('5 Year Supply Plan'!A:A,'JZ_BRAND SPLITS'!C8,'5 Year Supply Plan'!W:W) -> 513 | AK8: =E8*AJ8 -> 0 | AL8: =SUMIF('5 Year Supply Plan'!A:A,'JZ_BRAND SPLITS'!C8,'5 Year Supply Plan'!X:X) -> 564 | AM8: =AL8*E8 -> 0 | AN8: =SUMIF('5 Year Supply Plan'!A:A,'JZ_BRAND SPLITS'!C8,'5 Year Supply Plan'!Y:Y) -> 567 | AO8: =AN8*E8 -> 0 | AP8: =SUMIF('5 Year Supply Plan'!A:A,'JZ_BRAND SPLITS'!C8,'5 Year Supply Plan'!Z:Z) -> 508 | AQ8: =AP8*E8 -> 0 | AR8: =SUMIF('5 Year Supply Plan'!A:A,'JZ_BRAND SPLITS'!C8,'5 Year Supply Plan'!AA:AA) -> 539 | AS8: =AR8*E8 -> 0 | AT8: =SUMIF('5 Year Supply Plan'!A:A,'JZ_BRAND SPLITS'!C8,'5 Year Supply Plan'!AB:AB) -> 605 | AU8: =AT8*E8 -> 0 | AV8: =SUMIF('5 Year Supply Plan'!A:A,'JZ_BRAND SPLITS'!C8,'5 Year Supply Plan'!AC:AC) -> 582 | AW8: =AV8*E8 -> 0 | AX8: =SUMIF('5 Year Supply Plan'!A:A,'JZ_BRAND SPLITS'!C8,'5 Year Supply Plan'!AD:AD) -> 532 | AY8: =AX8*E8 -> 0 | AZ8: =SUMIF('5 Year Supply Plan'!A:A,'JZ_BRAND SPLITS'!C8,'5 Year Supply Plan'!AE:AE) -> 732 | BA8: =AZ8*E8 -> 0 | BB8: =SUMIF('5 Year Supply Plan'!A:A,'JZ_BRAND SPLITS'!C8,'5 Year Supply Plan'!AF:AF) -> 613 | BC8: =BB8*E8 -> 0 | BD8: =SUMIF('5 Year Supply Plan'!A:A,'JZ_BRAND SPLITS'!C8,'5 Year Supply Plan'!AG:AG) -> 548 | BE8: =BD8*E8 -> 0 | BF8: =SUMIF('5 Year Supply Plan'!A:A,'JZ_BRAND SPLITS'!C8,'5 Year Supply Plan'!AH:AH) -> 609 | BG8: =BF8*E8 -> 0 | BH8: =SUMIF('5 Year Supply Plan'!A:A,'JZ_BRAND SPLITS'!C8,'5 Year Supply Plan'!AI:AI) -> 551 | BI8: =BH8*E8 -> 0 | BJ8: =SUMIF('5 Year Supply Plan'!A:A,'JZ_BRAND SPLITS'!C8,'5 Year Supply Plan'!AJ:AJ) -> 607 | BK8: =BJ8*E8 -> 0 | BL8: =SUMIF('5 Year Supply Plan'!A:A,'JZ_BRAND SPLITS'!C8,'5 Year Supply Plan'!AK:AK) -> 609 | BM8: =BL8*E8 -> 0 | BN8: =SUMIF('5 Year Supply Plan'!A:A,'JZ_BRAND SPLITS'!C8,'5 Year Supply Plan'!AL:AL) -> 545 | BO8: =BN8*E8 -> 0 | BP8: =SUMIF('5 Year Supply Plan'!A:A,'JZ_BRAND SPLITS'!C8,'5 Year Supply Plan'!AM:AM) -> 578 | BQ8: =BP8*E8 -> 0 | BR8: =SUMIF('5 Year Supply Plan'!A:A,'JZ_BRAND SPLITS'!C8,'5 Year Supply Plan'!AN:AN) -> 650 | BS8: =BR8*E8 -> 0 | BT8: =SUMIF('5 Year Supply Plan'!A:A,'JZ_BRAND SPLITS'!C8,'5 Year Supply Plan'!AO:AO) -> 623 | BU8: =BT8*E8 -> 0 | BV8: =SUMIF('5 Year Supply Plan'!A:A,'JZ_BRAND SPLITS'!C8,'5 Year Supply Plan'!AP:AP) -> 570 | BW8: =BV8*E8 -> 0 | BX8: =SUMIF('5 Year Supply Plan'!A:A,'JZ_BRAND SPLITS'!C8,'5 Year Supply Plan'!AQ:AQ) -> 784 | BY8: =BX8*E8 -> 0 | BZ8: =SUMIF('5 Year Supply Plan'!A:A,'JZ_BRAND SPLITS'!C8,'5 Year Supply Plan'!AR:AR) -> 656 | CA8: =BZ8*E8 -> 0 | CB8: =SUMIF('5 Year Supply Plan'!A:A,'JZ_BRAND SPLITS'!C8,'5 Year Supply Plan'!AS:AS) -> 588 | CC8: =CB8*E8 -> 0 | CD8: =SUMIF('5 Year Supply Plan'!A:A,'JZ_BRAND SPLITS'!C8,'5 Year Supply Plan'!AT:AT) -> 652 | CE8: =CD8*E8 -> 0 | CF8: =SUMIF('5 Year Supply Plan'!A:A,'JZ_BRAND SPLITS'!C8,'5 Year Supply Plan'!AU:AU) -> 590 | CG8: =CF8*E8 -> 0 | CH8: =SUMIF('5 Year Supply Plan'!A:A,'JZ_BRAND SPLITS'!C8,'5 Year Supply Plan'!AV:AV) -> 650 | CI8: =CH8*E8 -> 0 | CJ8: =SUMIF('5 Year Supply Plan'!A:A,'JZ_BRAND SPLITS'!C8,'5 Year Supply Plan'!AW:AW) -> 651 | CK8: =CJ8*E8 -> 0 | CL8: =SUMIF('5 Year Supply Plan'!A:A,'JZ_BRAND SPLITS'!C8,'5 Year Supply Plan'!AX:AX) -> 585 | CM8: =CL8*E8 -> 0 | CN8: =SUMIF('5 Year Supply Plan'!A:A,'JZ_BRAND SPLITS'!C8,'5 Year Supply Plan'!AY:AY) -> 620 | CO8: =CN8*E8 -> 0 | CP8: =SUMIF('5 Year Supply Plan'!A:A,'JZ_BRAND SPLITS'!C8,'5 Year Supply Plan'!AZ:AZ) -> 695 | CQ8: =CP8*E8 -> 0 | CR8: =SUMIF('5 Year Supply Plan'!A:A,'JZ_BRAND SPLITS'!C8,'5 Year Supply Plan'!BA:BA) -> 671 | CS8: =CR8*E8 -> 0 | CT8: =SUMIF('5 Year Supply Plan'!A:A,'JZ_BRAND SPLITS'!C8,'5 Year Supply Plan'!BB:BB) -> 612 | CU8: =CT8*E8 -> 0 | CV8: =SUMIF('5 Year Supply Plan'!A:A,'JZ_BRAND SPLITS'!C8,'5 Year Supply Plan'!BC:BC) -> 843 | CW8: =CV8*E8 -> 0 | CX8: =SUMIF('5 Year Supply Plan'!A:A,'JZ_BRAND SPLITS'!C8,'5 Year Supply Plan'!BD:BD) -> 706 | CY8: =CX8*E8 -> 0 | CZ8: =SUMIF('5 Year Supply Plan'!A:A,'JZ_BRAND SPLITS'!C8,'5 Year Supply Plan'!BE:BE) -> 631 | DA8: =CZ8*E8 -> 0 | DB8: =SUMIF('5 Year Supply Plan'!A:A,'JZ_BRAND SPLITS'!C8,'5 Year Supply Plan'!BF:BF) -> 700 | DC8: =DB8*E8 -> 0 | DD8: =SUMIF('5 Year Supply Plan'!A:A,'JZ_BRAND SPLITS'!C8,'5 Year Supply Plan'!BG:BG) -> 635 | DE8: =DD8*E8 -> 0 | DF8: =SUMIF('5 Year Supply Plan'!A:A,'JZ_BRAND SPLITS'!C8,'5 Year Supply Plan'!BH:BH) -> 698 | DG8: =DF8*E8 -> 0 | DH8: =SUMIF('5 Year Supply Plan'!A:A,'JZ_BRAND SPLITS'!C8,'5 Year Supply Plan'!BI:BI) -> 707 | DI8: =DH8*E8 -> 0 | DJ8: =SUMIF('5 Year Supply Plan'!A:A,'JZ_BRAND SPLITS'!C8,'5 Year Supply Plan'!BJ:BJ) -> 846 | DK8: =DJ8*E8 -> 0 | DL8: =SUMIF('5 Year Supply Plan'!A:A,'JZ_BRAND SPLITS'!C8,'5 Year Supply Plan'!BK:BK) -> 1414 | DM8: =DL8*E8 -> 0 | DN8: =SUMIF('5 Year Supply Plan'!A:A,'JZ_BRAND SPLITS'!C8,'5 Year Supply Plan'!BL:BL) -> 2048 | DO8: =DN8*E8 -> 0 | DP8: =SUMIF('5 Year Supply Plan'!A:A,'JZ_BRAND SPLITS'!C8,'5 Year Supply Plan'!BM:BM) -> 792.125 | DQ8: =DP8*E8 -> 0 | DR8: =SUMIF('5 Year Supply Plan'!A:A,'JZ_BRAND SPLITS'!C8,'5 Year Supply Plan'!BN:BN) -> 792.125 | DS8: =DR8*E8 -> 0 | DT8: =DS8+DQ8+DO8+DM8+DK8+DI8+DG8+DE8+DC8+DA8+CY8+CW8+CU8+CS8+CQ8+CO8+CM8+CK8+CI8+CG8+CE8+CC8+CA8+BY8+BW8+BU8+BS8+BQ8+BO8+BM8+BK8+BI8+BG8+BE8+BC8+BA8+AY8+AW8+AU8+AS8+AQ8+AO8+AM8+AK8+AI8+AG8+AE8+AC8+AA8+Y8+W8+U8+S8+Q8+O8+M8+K8+I8+G8 -> 0 | DU8: =SUMIF('5 Year Supply Plan'!A:A,'JZ_BRAND SPLITS'!C8,'5 Year Supply Plan'!BO:BO) -> 47123.25
A9: A01 | B9: CSI | C9: PREFACE | D9: =_xlfn.CONCAT(A9,C9) -> A01PREFACE | E9: 1 | F9: =SUMIF('5 Year Supply Plan'!A:A,'JZ_BRAND SPLITS'!C9,'5 Year Supply Plan'!H:H) -> 5150 | G9: =F9*E9 -> 5150 | H9: =SUMIF('5 Year Supply Plan'!A:A,'JZ_BRAND SPLITS'!C9,'5 Year Supply Plan'!I:I) -> 6000 | I9: =H9*E9 -> 6000 | J9: =SUMIF('5 Year Supply Plan'!A:A,'JZ_BRAND SPLITS'!C9,'5 Year Supply Plan'!J:J) -> 4900 | K9: =J9*E9 -> 4900 | L9: =SUMIF('5 Year Supply Plan'!A:A,'JZ_BRAND SPLITS'!C9,'5 Year Supply Plan'!K:K) -> 4850 | M9: =L9*E9 -> 4850 | N9: =SUMIF('5 Year Supply Plan'!A:A,'JZ_BRAND SPLITS'!C9,'5 Year Supply Plan'!L:L) -> 4995.5 | O9: =N9*E9 -> 4995.5 | P9: =SUMIF('5 Year Supply Plan'!A:A,'JZ_BRAND SPLITS'!C9,'5 Year Supply Plan'!M:M) -> 5145.365 | Q9: =P9*E9 -> 5145.365 | R9: =SUMIF('5 Year Supply Plan'!A:A,'JZ_BRAND SPLITS'!C9,'5 Year Supply Plan'!N:N) -> 5299.726 | S9: =R9*E9 -> 5299.726 | T9: =SUMIF('5 Year Supply Plan'!A:A,'JZ_BRAND SPLITS'!C9,'5 Year Supply Plan'!O:O) -> 5458.7177 | U9: =T9*E9 -> 5458.7177 | V9: =SUMIF('5 Year Supply Plan'!A:A,'JZ_BRAND SPLITS'!C9,'5 Year Supply Plan'!P:P) -> 5622.4793 | W9: =V9*E9 -> 5622.4793 | X9: =SUMIF('5 Year Supply Plan'!A:A,'JZ_BRAND SPLITS'!C9,'5 Year Supply Plan'!Q:Q) -> 5791.1536 | Y9: =X9*E9 -> 5791.1536 | Z9: =SUMIF('5 Year Supply Plan'!A:A,'JZ_BRAND SPLITS'!C9,'5 Year Supply Plan'!R:R) -> 5964.8882 | AA9: =Z9*E9 -> 5964.8882 | AB9: =SUMIF('5 Year Supply Plan'!A:A,'JZ_BRAND SPLITS'!C9,'5 Year Supply Plan'!S:S) -> 6143.8349 | AC9: =AB9*E9 -> 6143.8349 | AD9: =SUMIF('5 Year Supply Plan'!A:A,'JZ_BRAND SPLITS'!C9,'5 Year Supply Plan'!T:T) -> 5304.5 | AE9: =AD9*E9 -> 5304.5 | AF9: =SUMIF('5 Year Supply Plan'!A:A,'JZ_BRAND SPLITS'!C9,'5 Year Supply Plan'!U:U) -> 6180 | AG9: =AF9*E9 -> 6180 | AH9: =SUMIF('5 Year Supply Plan'!A:A,'JZ_BRAND SPLITS'!C9,'5 Year Supply Plan'!V:V) -> 5047 | AI9: =AH9*E9 -> 5047 | AJ9: =SUMIF('5 Year Supply Plan'!A:A,'JZ_BRAND SPLITS'!C9,'5 Year Supply Plan'!W:W) -> 4995.5 | AK9: =E9*AJ9 -> 4995.5 | AL9: =SUMIF('5 Year Supply Plan'!A:A,'JZ_BRAND SPLITS'!C9,'5 Year Supply Plan'!X:X) -> 5145.365 | AM9: =AL9*E9 -> 5145.365 | AN9: =SUMIF('5 Year Supply Plan'!A:A,'JZ_BRAND SPLITS'!C9,'5 Year Supply Plan'!Y:Y) -> 5299.726 | AO9: =AN9*E9 -> 5299.726 | AP9: =SUMIF('5 Year Supply Plan'!A:A,'JZ_BRAND SPLITS'!C9,'5 Year Supply Plan'!Z:Z) -> 5458.7177 | AQ9: =AP9*E9 -> 5458.7177 | AR9: =SUMIF('5 Year Supply Plan'!A:A,'JZ_BRAND SPLITS'!C9,'5 Year Supply Plan'!AA:AA) -> 5622.4793 | AS9: =AR9*E9 -> 5622.4793 | AT9: =SUMIF('5 Year Supply Plan'!A:A,'JZ_BRAND SPLITS'!C9,'5 Year Supply Plan'!AB:AB) -> 5791.1536 | AU9: =AT9*E9 -> 5791.1536 | AV9: =SUMIF('5 Year Supply Plan'!A:A,'JZ_BRAND SPLITS'!C9,'5 Year Supply Plan'!AC:AC) -> 5964.8882 | AW9: =AV9*E9 -> 5964.8882 | AX9: =SUMIF('5 Year Supply Plan'!A:A,'JZ_BRAND SPLITS'!C9,'5 Year Supply Plan'!AD:AD) -> 6143.8349 | AY9: =AX9*E9 -> 6143.8349 | AZ9: =SUMIF('5 Year Supply Plan'!A:A,'JZ_BRAND SPLITS'!C9,'5 Year Supply Plan'!AE:AE) -> 6328.1499 | BA9: =AZ9*E9 -> 6328.1499 | BB9: =SUMIF('5 Year Supply Plan'!A:A,'JZ_BRAND SPLITS'!C9,'5 Year Supply Plan'!AF:AF) -> 5463.635 | BC9: =BB9*E9 -> 5463.635 | BD9: =SUMIF('5 Year Supply Plan'!A:A,'JZ_BRAND SPLITS'!C9,'5 Year Supply Plan'!AG:AG) -> 6365.4 | BE9: =BD9*E9 -> 6365.4 | BF9: =SUMIF('5 Year Supply Plan'!A:A,'JZ_BRAND SPLITS'!C9,'5 Year Supply Plan'!AH:AH) -> 5198.41 | BG9: =BF9*E9 -> 5198.41 | BH9: =SUMIF('5 Year Supply Plan'!A:A,'JZ_BRAND SPLITS'!C9,'5 Year Supply Plan'!AI:AI) -> 5145.365 | BI9: =BH9*E9 -> 5145.365 | BJ9: =SUMIF('5 Year Supply Plan'!A:A,'JZ_BRAND SPLITS'!C9,'5 Year Supply Plan'!AJ:AJ) -> 5299.726 | BK9: =BJ9*E9 -> 5299.726 | BL9: =SUMIF('5 Year Supply Plan'!A:A,'JZ_BRAND SPLITS'!C9,'5 Year Supply Plan'!AK:AK) -> 5458.7177 | BM9: =BL9*E9 -> 5458.7177 | BN9: =SUMIF('5 Year Supply Plan'!A:A,'JZ_BRAND SPLITS'!C9,'5 Year Supply Plan'!AL:AL) -> 5622.4793 | BO9: =BN9*E9 -> 5622.4793 | BP9: =SUMIF('5 Year Supply Plan'!A:A,'JZ_BRAND SPLITS'!C9,'5 Year Supply Plan'!AM:AM) -> 5791.1536 | BQ9: =BP9*E9 -> 5791.1536 | BR9: =SUMIF('5 Year Supply Plan'!A:A,'JZ_BRAND SPLITS'!C9,'5 Year Supply Plan'!AN:AN) -> 5964.8882 | BS9: =BR9*E9 -> 5964.8882 | BT9: =SUMIF('5 Year Supply Plan'!A:A,'JZ_BRAND SPLITS'!C9,'5 Year Supply Plan'!AO:AO) -> 6143.8349 | BU9: =BT9*E9 -> 6143.8349 | BV9: =SUMIF('5 Year Supply Plan'!A:A,'JZ_BRAND SPLITS'!C9,'5 Year Supply Plan'!AP:AP) -> 6328.1499 | BW9: =BV9*E9 -> 6328.1499 | BX9: =SUMIF('5 Year Supply Plan'!A:A,'JZ_BRAND SPLITS'!C9,'5 Year Supply Plan'!AQ:AQ) -> 6517.9944 | BY9: =BX9*E9 -> 6517.9944 | BZ9: =SUMIF('5 Year Supply Plan'!A:A,'JZ_BRAND SPLITS'!C9,'5 Year Supply Plan'!AR:AR) -> 5627.5441 | CA9: =BZ9*E9 -> 5627.5441 | CB9: =SUMIF('5 Year Supply Plan'!A:A,'JZ_BRAND SPLITS'!C9,'5 Year Supply Plan'!AS:AS) -> 6556.362 | CC9: =CB9*E9 -> 6556.362 | CD9: =SUMIF('5 Year Supply Plan'!A:A,'JZ_BRAND SPLITS'!C9,'5 Year Supply Plan'!AT:AT) -> 5354.3623 | CE9: =CD9*E9 -> 5354.3623 | CF9: =SUMIF('5 Year Supply Plan'!A:A,'JZ_BRAND SPLITS'!C9,'5 Year Supply Plan'!AU:AU) -> 5299.726 | CG9: =CF9*E9 -> 5299.726 | CH9: =SUMIF('5 Year Supply Plan'!A:A,'JZ_BRAND SPLITS'!C9,'5 Year Supply Plan'!AV:AV) -> 5458.7177 | CI9: =CH9*E9 -> 5458.7177 | CJ9: =SUMIF('5 Year Supply Plan'!A:A,'JZ_BRAND SPLITS'!C9,'5 Year Supply Plan'!AW:AW) -> 5622.4793 | CK9: =CJ9*E9 -> 5622.4793 | CL9: =SUMIF('5 Year Supply Plan'!A:A,'JZ_BRAND SPLITS'!C9,'5 Year Supply Plan'!AX:AX) -> 5791.1536 | CM9: =CL9*E9 -> 5791.1536 | CN9: =SUMIF('5 Year Supply Plan'!A:A,'JZ_BRAND SPLITS'!C9,'5 Year Supply Plan'!AY:AY) -> 5964.8882 | CO9: =CN9*E9 -> 5964.8882 | CP9: =SUMIF('5 Year Supply Plan'!A:A,'JZ_BRAND SPLITS'!C9,'5 Year Supply Plan'!AZ:AZ) -> 6143.8349 | CQ9: =CP9*E9 -> 6143.8349 | CR9: =SUMIF('5 Year Supply Plan'!A:A,'JZ_BRAND SPLITS'!C9,'5 Year Supply Plan'!BA:BA) -> 6328.1499 | CS9: =CR9*E9 -> 6328.1499 | CT9: =SUMIF('5 Year Supply Plan'!A:A,'JZ_BRAND SPLITS'!C9,'5 Year Supply Plan'!BB:BB) -> 6517.9944 | CU9: =CT9*E9 -> 6517.9944 | CV9: =SUMIF('5 Year Supply Plan'!A:A,'JZ_BRAND SPLITS'!C9,'5 Year Supply Plan'!BC:BC) -> 6713.5343 | CW9: =CV9*E9 -> 6713.5343 | CX9: =SUMIF('5 Year Supply Plan'!A:A,'JZ_BRAND SPLITS'!C9,'5 Year Supply Plan'!BD:BD) -> 5796.3704 | CY9: =CX9*E9 -> 5796.3704 | CZ9: =SUMIF('5 Year Supply Plan'!A:A,'JZ_BRAND SPLITS'!C9,'5 Year Supply Plan'!BE:BE) -> 6753.0529 | DA9: =CZ9*E9 -> 6753.0529 | DB9: =SUMIF('5 Year Supply Plan'!A:A,'JZ_BRAND SPLITS'!C9,'5 Year Supply Plan'!BF:BF) -> 5514.9932 | DC9: =DB9*E9 -> 5514.9932 | DD9: =SUMIF('5 Year Supply Plan'!A:A,'JZ_BRAND SPLITS'!C9,'5 Year Supply Plan'!BG:BG) -> 5458.7177 | DE9: =DD9*E9 -> 5458.7177 | DF9: =SUMIF('5 Year Supply Plan'!A:A,'JZ_BRAND SPLITS'!C9,'5 Year Supply Plan'!BH:BH) -> 5622.4793 | DG9: =DF9*E9 -> 5622.4793 | DH9: =SUMIF('5 Year Supply Plan'!A:A,'JZ_BRAND SPLITS'!C9,'5 Year Supply Plan'!BI:BI) -> 5791.1536 | DI9: =DH9*E9 -> 5791.1536 | DJ9: =SUMIF('5 Year Supply Plan'!A:A,'JZ_BRAND SPLITS'!C9,'5 Year Supply Plan'!BJ:BJ) -> 5964.8882 | DK9: =DJ9*E9 -> 5964.8882 | DL9: =SUMIF('5 Year Supply Plan'!A:A,'JZ_BRAND SPLITS'!C9,'5 Year Supply Plan'!BK:BK) -> 6143.8349 | DM9: =DL9*E9 -> 6143.8349 | DN9: =SUMIF('5 Year Supply Plan'!A:A,'JZ_BRAND SPLITS'!C9,'5 Year Supply Plan'!BL:BL) -> 6328.1499 | DO9: =DN9*E9 -> 6328.1499 | DP9: =SUMIF('5 Year Supply Plan'!A:A,'JZ_BRAND SPLITS'!C9,'5 Year Supply Plan'!BM:BM) -> 6517.9944 | DQ9: =DP9*E9 -> 6517.9944 | DR9: =SUMIF('5 Year Supply Plan'!A:A,'JZ_BRAND SPLITS'!C9,'5 Year Supply Plan'!BN:BN) -> 6713.5343 | DS9: =DR9*E9 -> 6713.5343 | DT9: =DS9+DQ9+DO9+DM9+DK9+DI9+DG9+DE9+DC9+DA9+CY9+CW9+CU9+CS9+CQ9+CO9+CM9+CK9+CI9+CG9+CE9+CC9+CA9+BY9+BW9+BU9+BS9+BQ9+BO9+BM9+BK9+BI9+BG9+BE9+BC9+BA9+AY9+AW9+AU9+AS9+AQ9+AO9+AM9+AK9+AI9+AG9+AE9+AC9+AA9+Y9+W9+U9+S9+Q9+O9+M9+K9+I9+G9 -> 339886.65 | DU9: =SUMIF('5 Year Supply Plan'!A:A,'JZ_BRAND SPLITS'!C9,'5 Year Supply Plan'!BO:BO) -> 339886.65
A10: A01 | B10: CSI | C10: VISTA BRITE TIP | D10: =_xlfn.CONCAT(A10,C10) -> A01VISTA BRITE TIP | E10: 0.0035064885 | F10: =SUMIF('5 Year Supply Plan'!A:A,'JZ_BRAND SPLITS'!C10,'5 Year Supply Plan'!H:H) -> 280807.7 | G10: =F10*E10 -> 984.64897 | H10: =SUMIF('5 Year Supply Plan'!A:A,'JZ_BRAND SPLITS'!C10,'5 Year Supply Plan'!I:I) -> 333372.87 | I10: =H10*E10 -> 1168.9681 | J10: =SUMIF('5 Year Supply Plan'!A:A,'JZ_BRAND SPLITS'!C10,'5 Year Supply Plan'!J:J) -> 277810.72 | K10: =J10*E10 -> 974.14011 | L10: =SUMIF('5 Year Supply Plan'!A:A,'JZ_BRAND SPLITS'!C10,'5 Year Supply Plan'!K:K) -> 221601 | M10: =L10*E10 -> 777.04136 | N10: =SUMIF('5 Year Supply Plan'!A:A,'JZ_BRAND SPLITS'!C10,'5 Year Supply Plan'!L:L) -> 126362 | O10: =N10*E10 -> 443.0869 | P10: =SUMIF('5 Year Supply Plan'!A:A,'JZ_BRAND SPLITS'!C10,'5 Year Supply Plan'!M:M) -> 213221 | Q10: =P10*E10 -> 747.65699 | R10: =SUMIF('5 Year Supply Plan'!A:A,'JZ_BRAND SPLITS'!C10,'5 Year Supply Plan'!N:N) -> 224906 | S10: =R10*E10 -> 788.63031 | T10: =SUMIF('5 Year Supply Plan'!A:A,'JZ_BRAND SPLITS'!C10,'5 Year Supply Plan'!O:O) -> 239513 | U10: =T10*E10 -> 839.84959 | V10: =SUMIF('5 Year Supply Plan'!A:A,'JZ_BRAND SPLITS'!C10,'5 Year Supply Plan'!P:P) -> 230425 | W10: =V10*E10 -> 807.98262 | X10: =SUMIF('5 Year Supply Plan'!A:A,'JZ_BRAND SPLITS'!C10,'5 Year Supply Plan'!Q:Q) -> 224980 | Y10: =X10*E10 -> 788.88979 | Z10: =SUMIF('5 Year Supply Plan'!A:A,'JZ_BRAND SPLITS'!C10,'5 Year Supply Plan'!R:R) -> 218045 | AA10: =Z10*E10 -> 764.57229 | AB10: =SUMIF('5 Year Supply Plan'!A:A,'JZ_BRAND SPLITS'!C10,'5 Year Supply Plan'!S:S) -> 243932 | AC10: =AB10*E10 -> 855.34476 | AD10: =SUMIF('5 Year Supply Plan'!A:A,'JZ_BRAND SPLITS'!C10,'5 Year Supply Plan'!T:T) -> 238049 | AE10: =AD10*E10 -> 834.71609 | AF10: =SUMIF('5 Year Supply Plan'!A:A,'JZ_BRAND SPLITS'!C10,'5 Year Supply Plan'!U:U) -> 218567 | AG10: =AF10*E10 -> 766.40268 | AH10: =SUMIF('5 Year Supply Plan'!A:A,'JZ_BRAND SPLITS'!C10,'5 Year Supply Plan'!V:V) -> 239317 | AI10: =AH10*E10 -> 839.16231 | AJ10: =SUMIF('5 Year Supply Plan'!A:A,'JZ_BRAND SPLITS'!C10,'5 Year Supply Plan'!W:W) -> 229421 | AK10: =E10*AJ10 -> 804.4621 | AL10: =SUMIF('5 Year Supply Plan'!A:A,'JZ_BRAND SPLITS'!C10,'5 Year Supply Plan'!X:X) -> 259307 | AM10: =AL10*E10 -> 909.25702 | AN10: =SUMIF('5 Year Supply Plan'!A:A,'JZ_BRAND SPLITS'!C10,'5 Year Supply Plan'!Y:Y) -> 258943 | AO10: =AN10*E10 -> 907.98066 | AP10: =SUMIF('5 Year Supply Plan'!A:A,'JZ_BRAND SPLITS'!C10,'5 Year Supply Plan'!Z:Z) -> 237283 | AQ10: =AP10*E10 -> 832.03012 | AR10: =SUMIF('5 Year Supply Plan'!A:A,'JZ_BRAND SPLITS'!C10,'5 Year Supply Plan'!AA:AA) -> 261853 | AS10: =AR10*E10 -> 918.18454 | AT10: =SUMIF('5 Year Supply Plan'!A:A,'JZ_BRAND SPLITS'!C10,'5 Year Supply Plan'!AB:AB) -> 268354 | AU10: =AT10*E10 -> 940.98022 | AV10: =SUMIF('5 Year Supply Plan'!A:A,'JZ_BRAND SPLITS'!C10,'5 Year Supply Plan'!AC:AC) -> 237492 | AW10: =AV10*E10 -> 832.76297 | AX10: =SUMIF('5 Year Supply Plan'!A:A,'JZ_BRAND SPLITS'!C10,'5 Year Supply Plan'!AD:AD) -> 229614 | AY10: =AX10*E10 -> 805.13886 | AZ10: =SUMIF('5 Year Supply Plan'!A:A,'JZ_BRAND SPLITS'!C10,'5 Year Supply Plan'!AE:AE) -> 259190 | BA10: =AZ10*E10 -> 908.84676 | BB10: =SUMIF('5 Year Supply Plan'!A:A,'JZ_BRAND SPLITS'!C10,'5 Year Supply Plan'!AF:AF) -> 253637 | BC10: =BB10*E10 -> 889.37523 | BD10: =SUMIF('5 Year Supply Plan'!A:A,'JZ_BRAND SPLITS'!C10,'5 Year Supply Plan'!AG:AG) -> 232371 | BE10: =BD10*E10 -> 814.80624 | BF10: =SUMIF('5 Year Supply Plan'!A:A,'JZ_BRAND SPLITS'!C10,'5 Year Supply Plan'!AH:AH) -> 253616 | BG10: =BF10*E10 -> 889.30159 | BH10: =SUMIF('5 Year Supply Plan'!A:A,'JZ_BRAND SPLITS'!C10,'5 Year Supply Plan'!AI:AI) -> 243593 | BI10: =BH10*E10 -> 854.15606 | BJ10: =SUMIF('5 Year Supply Plan'!A:A,'JZ_BRAND SPLITS'!C10,'5 Year Supply Plan'!AJ:AJ) -> 274674 | BK10: =BJ10*E10 -> 963.14123 | BL10: =SUMIF('5 Year Supply Plan'!A:A,'JZ_BRAND SPLITS'!C10,'5 Year Supply Plan'!AK:AK) -> 274416 | BM10: =BL10*E10 -> 962.23655 | BN10: =SUMIF('5 Year Supply Plan'!A:A,'JZ_BRAND SPLITS'!C10,'5 Year Supply Plan'!AL:AL) -> 252580 | BO10: =BN10*E10 -> 885.66887 | BP10: =SUMIF('5 Year Supply Plan'!A:A,'JZ_BRAND SPLITS'!C10,'5 Year Supply Plan'!AM:AM) -> 278662 | BQ10: =BP10*E10 -> 977.1251 | BR10: =SUMIF('5 Year Supply Plan'!A:A,'JZ_BRAND SPLITS'!C10,'5 Year Supply Plan'!AN:AN) -> 285661 | BS10: =BR10*E10 -> 1001.667 | BT10: =SUMIF('5 Year Supply Plan'!A:A,'JZ_BRAND SPLITS'!C10,'5 Year Supply Plan'!AO:AO) -> 254215 | BU10: =BT10*E10 -> 891.40198 | BV10: =SUMIF('5 Year Supply Plan'!A:A,'JZ_BRAND SPLITS'!C10,'5 Year Supply Plan'!AP:AP) -> 245238 | BW10: =BV10*E10 -> 859.92423 | BX10: =SUMIF('5 Year Supply Plan'!A:A,'JZ_BRAND SPLITS'!C10,'5 Year Supply Plan'!AQ:AQ) -> 276727 | BY10: =BX10*E10 -> 970.34005 | BZ10: =SUMIF('5 Year Supply Plan'!A:A,'JZ_BRAND SPLITS'!C10,'5 Year Supply Plan'!AR:AR) -> 271462 | CA10: =BZ10*E10 -> 951.87839 | CB10: =SUMIF('5 Year Supply Plan'!A:A,'JZ_BRAND SPLITS'!C10,'5 Year Supply Plan'!AS:AS) -> 248220 | CC10: =CB10*E10 -> 870.38058 | CD10: =SUMIF('5 Year Supply Plan'!A:A,'JZ_BRAND SPLITS'!C10,'5 Year Supply Plan'!AT:AT) -> 270139 | CE10: =CD10*E10 -> 947.2393 | CF10: =SUMIF('5 Year Supply Plan'!A:A,'JZ_BRAND SPLITS'!C10,'5 Year Supply Plan'!AU:AU) -> 260060 | CG10: =CF10*E10 -> 911.8974 | CH10: =SUMIF('5 Year Supply Plan'!A:A,'JZ_BRAND SPLITS'!C10,'5 Year Supply Plan'!AV:AV) -> 292625 | CI10: =CH10*E10 -> 1026.0862 | CJ10: =SUMIF('5 Year Supply Plan'!A:A,'JZ_BRAND SPLITS'!C10,'5 Year Supply Plan'!AW:AW) -> 292583 | CK10: =CJ10*E10 -> 1025.9389 | CL10: =SUMIF('5 Year Supply Plan'!A:A,'JZ_BRAND SPLITS'!C10,'5 Year Supply Plan'!AX:AX) -> 270884 | CM10: =CL10*E10 -> 949.85164 | CN10: =SUMIF('5 Year Supply Plan'!A:A,'JZ_BRAND SPLITS'!C10,'5 Year Supply Plan'!AY:AY) -> 296770 | CO10: =CN10*E10 -> 1040.6206 | CP10: =SUMIF('5 Year Supply Plan'!A:A,'JZ_BRAND SPLITS'!C10,'5 Year Supply Plan'!AZ:AZ) -> 304182 | CQ10: =CP10*E10 -> 1066.6107 | CR10: =SUMIF('5 Year Supply Plan'!A:A,'JZ_BRAND SPLITS'!C10,'5 Year Supply Plan'!BA:BA) -> 270299 | CS10: =CR10*E10 -> 947.80034 | CT10: =SUMIF('5 Year Supply Plan'!A:A,'JZ_BRAND SPLITS'!C10,'5 Year Supply Plan'!BB:BB) -> 260430 | CU10: =CT10*E10 -> 913.19481 | CV10: =SUMIF('5 Year Supply Plan'!A:A,'JZ_BRAND SPLITS'!C10,'5 Year Supply Plan'!BC:BC) -> 293803 | CW10: =CV10*E10 -> 1030.2168 | CX10: =SUMIF('5 Year Supply Plan'!A:A,'JZ_BRAND SPLITS'!C10,'5 Year Supply Plan'!BD:BD) -> 288585 | CY10: =CX10*E10 -> 1011.92 | CZ10: =SUMIF('5 Year Supply Plan'!A:A,'JZ_BRAND SPLITS'!C10,'5 Year Supply Plan'!BE:BE) -> 263597 | DA10: =CZ10*E10 -> 924.29985 | DB10: =SUMIF('5 Year Supply Plan'!A:A,'JZ_BRAND SPLITS'!C10,'5 Year Supply Plan'!BF:BF) -> 286459 | DC10: =DB10*E10 -> 1004.4652 | DD10: =SUMIF('5 Year Supply Plan'!A:A,'JZ_BRAND SPLITS'!C10,'5 Year Supply Plan'!BG:BG) -> 276137 | DE10: =DD10*E10 -> 968.27122 | DF10: =SUMIF('5 Year Supply Plan'!A:A,'JZ_BRAND SPLITS'!C10,'5 Year Supply Plan'!BH:BH) -> 313286 | DG10: =DF10*E10 -> 1098.5338 | DH10: =SUMIF('5 Year Supply Plan'!A:A,'JZ_BRAND SPLITS'!C10,'5 Year Supply Plan'!BI:BI) -> 329625 | DI10: =DH10*E10 -> 1155.8263 | DJ10: =SUMIF('5 Year Supply Plan'!A:A,'JZ_BRAND SPLITS'!C10,'5 Year Supply Plan'!BJ:BJ) -> 307203 | DK10: =DJ10*E10 -> 1077.2038 | DL10: =SUMIF('5 Year Supply Plan'!A:A,'JZ_BRAND SPLITS'!C10,'5 Year Supply Plan'!BK:BK) -> 302051 | DM10: =DL10*E10 -> 1059.1384 | DN10: =SUMIF('5 Year Supply Plan'!A:A,'JZ_BRAND SPLITS'!C10,'5 Year Supply Plan'!BL:BL) -> 308525 | DO10: =DN10*E10 -> 1081.8394 | DP10: =SUMIF('5 Year Supply Plan'!A:A,'JZ_BRAND SPLITS'!C10,'5 Year Supply Plan'!BM:BM) -> 295867.88 | DQ10: =DP10*E10 -> 1037.4573 | DR10: =SUMIF('5 Year Supply Plan'!A:A,'JZ_BRAND SPLITS'!C10,'5 Year Supply Plan'!BN:BN) -> 295867.88 | DS10: =DR10*E10 -> 1037.4573 | DT10: =DS10+DQ10+DO10+DM10+DK10+DI10+DG10+DE10+DC10+DA10+CY10+CW10+CU10+CS10+CQ10+CO10+CM10+CK10+CI10+CG10+CE10+CC10+CA10+BY10+BW10+BU10+BS10+BQ10+BO10+BM10+BK10+BI10+BG10+BE10+BC10+BA10+AY10+AW10+AU10+AS10+AQ10+AO10+AM10+AK10+AI10+AG10+AE10+AC10+AA10+Y10+W10+U10+S10+Q10+O10+M10+K10+I10+G10 -> 54338.008 | DU10: =SUMIF('5 Year Supply Plan'!A:A,'JZ_BRAND SPLITS'!C10,'5 Year Supply Plan'!BO:BO) -> 15496417
A11: A01 | B11: CSI | C11: VISTA BRITE TIP (MODIFIED) | D11: =_xlfn.CONCAT(A11,C11) -> A01VISTA BRITE TIP (MODIFIED) | E11: 0 | F11: =SUMIF('5 Year Supply Plan'!A:A,'JZ_BRAND SPLITS'!C11,'5 Year Supply Plan'!H:H) -> 2205 | G11: =F11*E11 -> 0 | H11: =SUMIF('5 Year Supply Plan'!A:A,'JZ_BRAND SPLITS'!C11,'5 Year Supply Plan'!I:I) -> 2880 | I11: =H11*E11 -> 0 | J11: =SUMIF('5 Year Supply Plan'!A:A,'JZ_BRAND SPLITS'!C11,'5 Year Supply Plan'!J:J) -> 2400 | K11: =J11*E11 -> 0 | L11: =SUMIF('5 Year Supply Plan'!A:A,'JZ_BRAND SPLITS'!C11,'5 Year Supply Plan'!K:K) -> 1132 | M11: =L11*E11 -> 0 | N11: =SUMIF('5 Year Supply Plan'!A:A,'JZ_BRAND SPLITS'!C11,'5 Year Supply Plan'!L:L) -> 836 | O11: =N11*E11 -> 0 | P11: =SUMIF('5 Year Supply Plan'!A:A,'JZ_BRAND SPLITS'!C11,'5 Year Supply Plan'!M:M) -> 1187 | Q11: =P11*E11 -> 0 | R11: =SUMIF('5 Year Supply Plan'!A:A,'JZ_BRAND SPLITS'!C11,'5 Year Supply Plan'!N:N) -> 1117 | S11: =R11*E11 -> 0 | T11: =SUMIF('5 Year Supply Plan'!A:A,'JZ_BRAND SPLITS'!C11,'5 Year Supply Plan'!O:O) -> 1171 | U11: =T11*E11 -> 0 | V11: =SUMIF('5 Year Supply Plan'!A:A,'JZ_BRAND SPLITS'!C11,'5 Year Supply Plan'!P:P) -> 617 | W11: =V11*E11 -> 0 | X11: =SUMIF('5 Year Supply Plan'!A:A,'JZ_BRAND SPLITS'!C11,'5 Year Supply Plan'!Q:Q) -> 541 | Y11: =X11*E11 -> 0 | Z11: =SUMIF('5 Year Supply Plan'!A:A,'JZ_BRAND SPLITS'!C11,'5 Year Supply Plan'!R:R) -> 496 | AA11: =Z11*E11 -> 0 | AB11: =SUMIF('5 Year Supply Plan'!A:A,'JZ_BRAND SPLITS'!C11,'5 Year Supply Plan'!S:S) -> 682 | AC11: =AB11*E11 -> 0 | AD11: =SUMIF('5 Year Supply Plan'!A:A,'JZ_BRAND SPLITS'!C11,'5 Year Supply Plan'!T:T) -> 570 | AE11: =AD11*E11 -> 0 | AF11: =SUMIF('5 Year Supply Plan'!A:A,'JZ_BRAND SPLITS'!C11,'5 Year Supply Plan'!U:U) -> 510 | AG11: =AF11*E11 -> 0 | AH11: =SUMIF('5 Year Supply Plan'!A:A,'JZ_BRAND SPLITS'!C11,'5 Year Supply Plan'!V:V) -> 568 | AI11: =AH11*E11 -> 0 | AJ11: =SUMIF('5 Year Supply Plan'!A:A,'JZ_BRAND SPLITS'!C11,'5 Year Supply Plan'!W:W) -> 513 | AK11: =E11*AJ11 -> 0 | AL11: =SUMIF('5 Year Supply Plan'!A:A,'JZ_BRAND SPLITS'!C11,'5 Year Supply Plan'!X:X) -> 564 | AM11: =AL11*E11 -> 0 | AN11: =SUMIF('5 Year Supply Plan'!A:A,'JZ_BRAND SPLITS'!C11,'5 Year Supply Plan'!Y:Y) -> 567 | AO11: =AN11*E11 -> 0 | AP11: =SUMIF('5 Year Supply Plan'!A:A,'JZ_BRAND SPLITS'!C11,'5 Year Supply Plan'!Z:Z) -> 508 | AQ11: =AP11*E11 -> 0 | AR11: =SUMIF('5 Year Supply Plan'!A:A,'JZ_BRAND SPLITS'!C11,'5 Year Supply Plan'!AA:AA) -> 539 | AS11: =AR11*E11 -> 0 | AT11: =SUMIF('5 Year Supply Plan'!A:A,'JZ_BRAND SPLITS'!C11,'5 Year Supply Plan'!AB:AB) -> 605 | AU11: =AT11*E11 -> 0 | AV11: =SUMIF('5 Year Supply Plan'!A:A,'JZ_BRAND SPLITS'!C11,'5 Year Supply Plan'!AC:AC) -> 582 | AW11: =AV11*E11 -> 0 | AX11: =SUMIF('5 Year Supply Plan'!A:A,'JZ_BRAND SPLITS'!C11,'5 Year Supply Plan'!AD:AD) -> 532 | AY11: =AX11*E11 -> 0 | AZ11: =SUMIF('5 Year Supply Plan'!A:A,'JZ_BRAND SPLITS'!C11,'5 Year Supply Plan'!AE:AE) -> 732 | BA11: =AZ11*E11 -> 0 | BB11: =SUMIF('5 Year Supply Plan'!A:A,'JZ_BRAND SPLITS'!C11,'5 Year Supply Plan'!AF:AF) -> 613 | BC11: =BB11*E11 -> 0 | BD11: =SUMIF('5 Year Supply Plan'!A:A,'JZ_BRAND SPLITS'!C11,'5 Year Supply Plan'!AG:AG) -> 548 | BE11: =BD11*E11 -> 0 | BF11: =SUMIF('5 Year Supply Plan'!A:A,'JZ_BRAND SPLITS'!C11,'5 Year Supply Plan'!AH:AH) -> 609 | BG11: =BF11*E11 -> 0 | BH11: =SUMIF('5 Year Supply Plan'!A:A,'JZ_BRAND SPLITS'!C11,'5 Year Supply Plan'!AI:AI) -> 551 | BI11: =BH11*E11 -> 0 | BJ11: =SUMIF('5 Year Supply Plan'!A:A,'JZ_BRAND SPLITS'!C11,'5 Year Supply Plan'!AJ:AJ) -> 607 | BK11: =BJ11*E11 -> 0 | BL11: =SUMIF('5 Year Supply Plan'!A:A,'JZ_BRAND SPLITS'!C11,'5 Year Supply Plan'!AK:AK) -> 609 | BM11: =BL11*E11 -> 0 | BN11: =SUMIF('5 Year Supply Plan'!A:A,'JZ_BRAND SPLITS'!C11,'5 Year Supply Plan'!AL:AL) -> 545 | BO11: =BN11*E11 -> 0 | BP11: =SUMIF('5 Year Supply Plan'!A:A,'JZ_BRAND SPLITS'!C11,'5 Year Supply Plan'!AM:AM) -> 578 | BQ11: =BP11*E11 -> 0 | BR11: =SUMIF('5 Year Supply Plan'!A:A,'JZ_BRAND SPLITS'!C11,'5 Year Supply Plan'!AN:AN) -> 650 | BS11: =BR11*E11 -> 0 | BT11: =SUMIF('5 Year Supply Plan'!A:A,'JZ_BRAND SPLITS'!C11,'5 Year Supply Plan'!AO:AO) -> 623 | BU11: =BT11*E11 -> 0 | BV11: =SUMIF('5 Year Supply Plan'!A:A,'JZ_BRAND SPLITS'!C11,'5 Year Supply Plan'!AP:AP) -> 570 | BW11: =BV11*E11 -> 0 | BX11: =SUMIF('5 Year Supply Plan'!A:A,'JZ_BRAND SPLITS'!C11,'5 Year Supply Plan'!AQ:AQ) -> 784 | BY11: =BX11*E11 -> 0 | BZ11: =SUMIF('5 Year Supply Plan'!A:A,'JZ_BRAND SPLITS'!C11,'5 Year Supply Plan'!AR:AR) -> 656 | CA11: =BZ11*E11 -> 0 | CB11: =SUMIF('5 Year Supply Plan'!A:A,'JZ_BRAND SPLITS'!C11,'5 Year Supply Plan'!AS:AS) -> 588 | CC11: =CB11*E11 -> 0 | CD11: =SUMIF('5 Year Supply Plan'!A:A,'JZ_BRAND SPLITS'!C11,'5 Year Supply Plan'!AT:AT) -> 652 | CE11: =CD11*E11 -> 0 | CF11: =SUMIF('5 Year Supply Plan'!A:A,'JZ_BRAND SPLITS'!C11,'5 Year Supply Plan'!AU:AU) -> 590 | CG11: =CF11*E11 -> 0 | CH11: =SUMIF('5 Year Supply Plan'!A:A,'JZ_BRAND SPLITS'!C11,'5 Year Supply Plan'!AV:AV) -> 650 | CI11: =CH11*E11 -> 0 | CJ11: =SUMIF('5 Year Supply Plan'!A:A,'JZ_BRAND SPLITS'!C11,'5 Year Supply Plan'!AW:AW) -> 651 | CK11: =CJ11*E11 -> 0 | CL11: =SUMIF('5 Year Supply Plan'!A:A,'JZ_BRAND SPLITS'!C11,'5 Year Supply Plan'!AX:AX) -> 585 | CM11: =CL11*E11 -> 0 | CN11: =SUMIF('5 Year Supply Plan'!A:A,'JZ_BRAND SPLITS'!C11,'5 Year Supply Plan'!AY:AY) -> 620 | CO11: =CN11*E11 -> 0 | CP11: =SUMIF('5 Year Supply Plan'!A:A,'JZ_BRAND SPLITS'!C11,'5 Year Supply Plan'!AZ:AZ) -> 695 | CQ11: =CP11*E11 -> 0 | CR11: =SUMIF('5 Year Supply Plan'!A:A,'JZ_BRAND SPLITS'!C11,'5 Year Supply Plan'!BA:BA) -> 671 | CS11: =CR11*E11 -> 0 | CT11: =SUMIF('5 Year Supply Plan'!A:A,'JZ_BRAND SPLITS'!C11,'5 Year Supply Plan'!BB:BB) -> 612 | CU11: =CT11*E11 -> 0 | CV11: =SUMIF('5 Year Supply Plan'!A:A,'JZ_BRAND SPLITS'!C11,'5 Year Supply Plan'!BC:BC) -> 843 | CW11: =CV11*E11 -> 0 | CX11: =SUMIF('5 Year Supply Plan'!A:A,'JZ_BRAND SPLITS'!C11,'5 Year Supply Plan'!BD:BD) -> 706 | CY11: =CX11*E11 -> 0 | CZ11: =SUMIF('5 Year Supply Plan'!A:A,'JZ_BRAND SPLITS'!C11,'5 Year Supply Plan'!BE:BE) -> 631 | DA11: =CZ11*E11 -> 0 | DB11: =SUMIF('5 Year Supply Plan'!A:A,'JZ_BRAND SPLITS'!C11,'5 Year Supply Plan'!BF:BF) -> 700 | DC11: =DB11*E11 -> 0 | DD11: =SUMIF('5 Year Supply Plan'!A:A,'JZ_BRAND SPLITS'!C11,'5 Year Supply Plan'!BG:BG) -> 635 | DE11: =DD11*E11 -> 0 | DF11: =SUMIF('5 Year Supply Plan'!A:A,'JZ_BRAND SPLITS'!C11,'5 Year Supply Plan'!BH:BH) -> 698 | DG11: =DF11*E11 -> 0 | DH11: =SUMIF('5 Year Supply Plan'!A:A,'JZ_BRAND SPLITS'!C11,'5 Year Supply Plan'!BI:BI) -> 707 | DI11: =DH11*E11 -> 0 | DJ11: =SUMIF('5 Year Supply Plan'!A:A,'JZ_BRAND SPLITS'!C11,'5 Year Supply Plan'!BJ:BJ) -> 846 | DK11: =DJ11*E11 -> 0 | DL11: =SUMIF('5 Year Supply Plan'!A:A,'JZ_BRAND SPLITS'!C11,'5 Year Supply Plan'!BK:BK) -> 1414 | DM11: =DL11*E11 -> 0 | DN11: =SUMIF('5 Year Supply Plan'!A:A,'JZ_BRAND SPLITS'!C11,'5 Year Supply Plan'!BL:BL) -> 2048 | DO11: =DN11*E11 -> 0 | DP11: =SUMIF('5 Year Supply Plan'!A:A,'JZ_BRAND SPLITS'!C11,'5 Year Supply Plan'!BM:BM) -> 792.125 | DQ11: =DP11*E11 -> 0 | DR11: =SUMIF('5 Year Supply Plan'!A:A,'JZ_BRAND SPLITS'!C11,'5 Year Supply Plan'!BN:BN) -> 792.125 | DS11: =DR11*E11 -> 0 | DT11: =DS11+DQ11+DO11+DM11+DK11+DI11+DG11+DE11+DC11+DA11+CY11+CW11+CU11+CS11+CQ11+CO11+CM11+CK11+CI11+CG11+CE11+CC11+CA11+BY11+BW11+BU11+BS11+BQ11+BO11+BM11+BK11+BI11+BG11+BE11+BC11+BA11+AY11+AW11+AU11+AS11+AQ11+AO11+AM11+AK11+AI11+AG11+AE11+AC11+AA11+Y11+W11+U11+S11+Q11+O11+M11+K11+I11+G11 -> 0 | DU11: =SUMIF('5 Year Supply Plan'!A:A,'JZ_BRAND SPLITS'!C11,'5 Year Supply Plan'!BO:BO) -> 47123.25
A12: A02A | B12: CSI | C12: BRITE TIP | D12: =_xlfn.CONCAT(A12,C12) -> A02ABRITE TIP | E12: 0.73722472 | F12: =SUMIF('5 Year Supply Plan'!A:A,'JZ_BRAND SPLITS'!C12,'5 Year Supply Plan'!H:H) -> 159148 | G12: =F12*E12 -> 117327.84 | H12: =SUMIF('5 Year Supply Plan'!A:A,'JZ_BRAND SPLITS'!C12,'5 Year Supply Plan'!I:I) -> 155459 | I12: =H12*E12 -> 114608.22 | J12: =SUMIF('5 Year Supply Plan'!A:A,'JZ_BRAND SPLITS'!C12,'5 Year Supply Plan'!J:J) -> 128367 | K12: =J12*E12 -> 94635.326 | L12: =SUMIF('5 Year Supply Plan'!A:A,'JZ_BRAND SPLITS'!C12,'5 Year Supply Plan'!K:K) -> 95000 | M12: =L12*E12 -> 70036.348 | N12: =SUMIF('5 Year Supply Plan'!A:A,'JZ_BRAND SPLITS'!C12,'5 Year Supply Plan'!L:L) -> 60740 | O12: =N12*E12 -> 44779.029 | P12: =SUMIF('5 Year Supply Plan'!A:A,'JZ_BRAND SPLITS'!C12,'5 Year Supply Plan'!M:M) -> 80000 | Q12: =P12*E12 -> 58977.978 | R12: =SUMIF('5 Year Supply Plan'!A:A,'JZ_BRAND SPLITS'!C12,'5 Year Supply Plan'!N:N) -> 95000 | S12: =R12*E12 -> 70036.348 | T12: =SUMIF('5 Year Supply Plan'!A:A,'JZ_BRAND SPLITS'!C12,'5 Year Supply Plan'!O:O) -> 95000 | U12: =T12*E12 -> 70036.348 | V12: =SUMIF('5 Year Supply Plan'!A:A,'JZ_BRAND SPLITS'!C12,'5 Year Supply Plan'!P:P) -> 95000 | W12: =V12*E12 -> 70036.348 | X12: =SUMIF('5 Year Supply Plan'!A:A,'JZ_BRAND SPLITS'!C12,'5 Year Supply Plan'!Q:Q) -> 95000 | Y12: =X12*E12 -> 70036.348 | Z12: =SUMIF('5 Year Supply Plan'!A:A,'JZ_BRAND SPLITS'!C12,'5 Year Supply Plan'!R:R) -> 100000 | AA12: =Z12*E12 -> 73722.472 | AB12: =SUMIF('5 Year Supply Plan'!A:A,'JZ_BRAND SPLITS'!C12,'5 Year Supply Plan'!S:S) -> 108680 | AC12: =AB12*E12 -> 80121.583 | AD12: =SUMIF('5 Year Supply Plan'!A:A,'JZ_BRAND SPLITS'!C12,'5 Year Supply Plan'!T:T) -> 108509 | AE12: =AD12*E12 -> 79995.517 | AF12: =SUMIF('5 Year Supply Plan'!A:A,'JZ_BRAND SPLITS'!C12,'5 Year Supply Plan'!U:U) -> 105148 | AG12: =AF12*E12 -> 77517.705 | AH12: =SUMIF('5 Year Supply Plan'!A:A,'JZ_BRAND SPLITS'!C12,'5 Year Supply Plan'!V:V) -> 108298 | AI12: =AH12*E12 -> 79839.963 | AJ12: =SUMIF('5 Year Supply Plan'!A:A,'JZ_BRAND SPLITS'!C12,'5 Year Supply Plan'!W:W) -> 101096 | AK12: =E12*AJ12 -> 74530.47 | AL12: =SUMIF('5 Year Supply Plan'!A:A,'JZ_BRAND SPLITS'!C12,'5 Year Supply Plan'!X:X) -> 106931 | AM12: =AL12*E12 -> 78832.176 | AN12: =SUMIF('5 Year Supply Plan'!A:A,'JZ_BRAND SPLITS'!C12,'5 Year Supply Plan'!Y:Y) -> 102807 | AO12: =AN12*E12 -> 75791.862 | AP12: =SUMIF('5 Year Supply Plan'!A:A,'JZ_BRAND SPLITS'!C12,'5 Year Supply Plan'!Z:Z) -> 89522 | AQ12: =AP12*E12 -> 65997.831 | AR12: =SUMIF('5 Year Supply Plan'!A:A,'JZ_BRAND SPLITS'!C12,'5 Year Supply Plan'!AA:AA) -> 102972 | AS12: =AR12*E12 -> 75913.504 | AT12: =SUMIF('5 Year Supply Plan'!A:A,'JZ_BRAND SPLITS'!C12,'5 Year Supply Plan'!AB:AB) -> 116923 | AU12: =AT12*E12 -> 86198.526 | AV12: =SUMIF('5 Year Supply Plan'!A:A,'JZ_BRAND SPLITS'!C12,'5 Year Supply Plan'!AC:AC) -> 105515 | AW12: =AV12*E12 -> 77788.266 | AX12: =SUMIF('5 Year Supply Plan'!A:A,'JZ_BRAND SPLITS'!C12,'5 Year Supply Plan'!AD:AD) -> 91383 | AY12: =AX12*E12 -> 67369.807 | AZ12: =SUMIF('5 Year Supply Plan'!A:A,'JZ_BRAND SPLITS'!C12,'5 Year Supply Plan'!AE:AE) -> 111801 | BA12: =AZ12*E12 -> 82422.461 | BB12: =SUMIF('5 Year Supply Plan'!A:A,'JZ_BRAND SPLITS'!C12,'5 Year Supply Plan'!AF:AF) -> 111595 | BC12: =BB12*E12 -> 82270.593 | BD12: =SUMIF('5 Year Supply Plan'!A:A,'JZ_BRAND SPLITS'!C12,'5 Year Supply Plan'!AG:AG) -> 108097 | BE12: =BD12*E12 -> 79691.781 | BF12: =SUMIF('5 Year Supply Plan'!A:A,'JZ_BRAND SPLITS'!C12,'5 Year Supply Plan'!AH:AH) -> 111224 | BG12: =BF12*E12 -> 81997.082 | BH12: =SUMIF('5 Year Supply Plan'!A:A,'JZ_BRAND SPLITS'!C12,'5 Year Supply Plan'!AI:AI) -> 103927 | BI12: =BH12*E12 -> 76617.553 | BJ12: =SUMIF('5 Year Supply Plan'!A:A,'JZ_BRAND SPLITS'!C12,'5 Year Supply Plan'!AJ:AJ) -> 110058 | BK12: =BJ12*E12 -> 81137.478 | BL12: =SUMIF('5 Year Supply Plan'!A:A,'JZ_BRAND SPLITS'!C12,'5 Year Supply Plan'!AK:AK) -> 105845 | BM12: =BL12*E12 -> 78031.55 | BN12: =SUMIF('5 Year Supply Plan'!A:A,'JZ_BRAND SPLITS'!C12,'5 Year Supply Plan'!AL:AL) -> 92075 | BO12: =BN12*E12 -> 67879.966 | BP12: =SUMIF('5 Year Supply Plan'!A:A,'JZ_BRAND SPLITS'!C12,'5 Year Supply Plan'!AM:AM) -> 106215 | BQ12: =BP12*E12 -> 78304.324 | BR12: =SUMIF('5 Year Supply Plan'!A:A,'JZ_BRAND SPLITS'!C12,'5 Year Supply Plan'!AN:AN) -> 121018 | BS12: =BR12*E12 -> 89217.461 | BT12: =SUMIF('5 Year Supply Plan'!A:A,'JZ_BRAND SPLITS'!C12,'5 Year Supply Plan'!AO:AO) -> 109939 | BU12: =BT12*E12 -> 81049.748 | BV12: =SUMIF('5 Year Supply Plan'!A:A,'JZ_BRAND SPLITS'!C12,'5 Year Supply Plan'!AP:AP) -> 95222 | BW12: =BV12*E12 -> 70200.012 | BX12: =SUMIF('5 Year Supply Plan'!A:A,'JZ_BRAND SPLITS'!C12,'5 Year Supply Plan'!AQ:AQ) -> 116566 | BY12: =BX12*E12 -> 85935.337 | BZ12: =SUMIF('5 Year Supply Plan'!A:A,'JZ_BRAND SPLITS'!C12,'5 Year Supply Plan'!AR:AR) -> 116333 | CA12: =BZ12*E12 -> 85763.563 | CB12: =SUMIF('5 Year Supply Plan'!A:A,'JZ_BRAND SPLITS'!C12,'5 Year Supply Plan'!AS:AS) -> 112657 | CC12: =CB12*E12 -> 83053.525 | CD12: =SUMIF('5 Year Supply Plan'!A:A,'JZ_BRAND SPLITS'!C12,'5 Year Supply Plan'!AT:AT) -> 115835 | CE12: =CD12*E12 -> 85396.425 | CF12: =SUMIF('5 Year Supply Plan'!A:A,'JZ_BRAND SPLITS'!C12,'5 Year Supply Plan'!AU:AU) -> 108309 | CG12: =CF12*E12 -> 79848.072 | CH12: =SUMIF('5 Year Supply Plan'!A:A,'JZ_BRAND SPLITS'!C12,'5 Year Supply Plan'!AV:AV) -> 114793 | CI12: =CH12*E12 -> 84628.237 | CJ12: =SUMIF('5 Year Supply Plan'!A:A,'JZ_BRAND SPLITS'!C12,'5 Year Supply Plan'!AW:AW) -> 110416 | CK12: =CJ12*E12 -> 81401.405 | CL12: =SUMIF('5 Year Supply Plan'!A:A,'JZ_BRAND SPLITS'!C12,'5 Year Supply Plan'!AX:AX) -> 96042 | CM12: =CL12*E12 -> 70804.537 | CN12: =SUMIF('5 Year Supply Plan'!A:A,'JZ_BRAND SPLITS'!C12,'5 Year Supply Plan'!AY:AY) -> 110495 | CO12: =CN12*E12 -> 81459.645 | CP12: =SUMIF('5 Year Supply Plan'!A:A,'JZ_BRAND SPLITS'!C12,'5 Year Supply Plan'!AZ:AZ) -> 125741 | CQ12: =CP12*E12 -> 92699.373 | CR12: =SUMIF('5 Year Supply Plan'!A:A,'JZ_BRAND SPLITS'!C12,'5 Year Supply Plan'!BA:BA) -> 114320 | CS12: =CR12*E12 -> 84279.53 | CT12: =SUMIF('5 Year Supply Plan'!A:A,'JZ_BRAND SPLITS'!C12,'5 Year Supply Plan'!BB:BB) -> 98918 | CU12: =CT12*E12 -> 72924.795 | CV12: =SUMIF('5 Year Supply Plan'!A:A,'JZ_BRAND SPLITS'!C12,'5 Year Supply Plan'!BC:BC) -> 121156 | CW12: =CV12*E12 -> 89319.198 | CX12: =SUMIF('5 Year Supply Plan'!A:A,'JZ_BRAND SPLITS'!C12,'5 Year Supply Plan'!BD:BD) -> 120888 | CY12: =CX12*E12 -> 89121.622 | CZ12: =SUMIF('5 Year Supply Plan'!A:A,'JZ_BRAND SPLITS'!C12,'5 Year Supply Plan'!BE:BE) -> 117018 | DA12: =CZ12*E12 -> 86268.562 | DB12: =SUMIF('5 Year Supply Plan'!A:A,'JZ_BRAND SPLITS'!C12,'5 Year Supply Plan'!BF:BF) -> 120215 | DC12: =DB12*E12 -> 88625.47 | DD12: =SUMIF('5 Year Supply Plan'!A:A,'JZ_BRAND SPLITS'!C12,'5 Year Supply Plan'!BG:BG) -> 112512 | DE12: =DD12*E12 -> 82946.628 | DF12: =SUMIF('5 Year Supply Plan'!A:A,'JZ_BRAND SPLITS'!C12,'5 Year Supply Plan'!BH:BH) -> 119373 | DG12: =DF12*E12 -> 88004.726 | DH12: =SUMIF('5 Year Supply Plan'!A:A,'JZ_BRAND SPLITS'!C12,'5 Year Supply Plan'!BI:BI) -> 114863 | DI12: =DH12*E12 -> 84679.843 | DJ12: =SUMIF('5 Year Supply Plan'!A:A,'JZ_BRAND SPLITS'!C12,'5 Year Supply Plan'!BJ:BJ) -> 99895 | DK12: =DJ12*E12 -> 73645.063 | DL12: =SUMIF('5 Year Supply Plan'!A:A,'JZ_BRAND SPLITS'!C12,'5 Year Supply Plan'!BK:BK) -> 103796 | DM12: =DL12*E12 -> 76520.977 | DN12: =SUMIF('5 Year Supply Plan'!A:A,'JZ_BRAND SPLITS'!C12,'5 Year Supply Plan'!BL:BL) -> 115239 | DO12: =DN12*E12 -> 84957.039 | DP12: =SUMIF('5 Year Supply Plan'!A:A,'JZ_BRAND SPLITS'!C12,'5 Year Supply Plan'!BM:BM) -> 113570 | DQ12: =DP12*E12 -> 83726.611 | DR12: =SUMIF('5 Year Supply Plan'!A:A,'JZ_BRAND SPLITS'!C12,'5 Year Supply Plan'!BN:BN) -> 113570 | DS12: =DR12*E12 -> 83726.611 | DT12: =DS12+DQ12+DO12+DM12+DK12+DI12+DG12+DE12+DC12+DA12+CY12+CW12+CU12+CS12+CQ12+CO12+CM12+CK12+CI12+CG12+CE12+CC12+CA12+BY12+BW12+BU12+BS12+BQ12+BO12+BM12+BK12+BI12+BG12+BE12+BC12+BA12+AY12+AW12+AU12+AS12+AQ12+AO12+AM12+AK12+AI12+AG12+AE12+AC12+AA12+Y12+W12+U12+S12+Q12+O12+M12+K12+I12+G12 -> 4722686.6 | DU12: =SUMIF('5 Year Supply Plan'!A:A,'JZ_BRAND SPLITS'!C12,'5 Year Supply Plan'!BO:BO) -> 6406034
A13: A02B | B13: CSI | C13: AVANTI PLUS | D13: =_xlfn.CONCAT(A13,C13) -> A02BAVANTI PLUS | E13: 0.21103473 | F13: =SUMIF('5 Year Supply Plan'!A:A,'JZ_BRAND SPLITS'!C13,'5 Year Supply Plan'!H:H) -> 563176.73 | G13: =F13*E13 -> 118849.85 | H13: =SUMIF('5 Year Supply Plan'!A:A,'JZ_BRAND SPLITS'!C13,'5 Year Supply Plan'!I:I) -> 676363.35 | I13: =H13*E13 -> 142736.15 | J13: =SUMIF('5 Year Supply Plan'!A:A,'JZ_BRAND SPLITS'!C13,'5 Year Supply Plan'!J:J) -> 563719.94 | K13: =J13*E13 -> 118964.48 | L13: =SUMIF('5 Year Supply Plan'!A:A,'JZ_BRAND SPLITS'!C13,'5 Year Supply Plan'!K:K) -> 512615 | M13: =L13*E13 -> 108179.57 | N13: =SUMIF('5 Year Supply Plan'!A:A,'JZ_BRAND SPLITS'!C13,'5 Year Supply Plan'!L:L) -> 483484 | O13: =N13*E13 -> 102031.91 | P13: =SUMIF('5 Year Supply Plan'!A:A,'JZ_BRAND SPLITS'!C13,'5 Year Supply Plan'!M:M) -> 511792 | Q13: =P13*E13 -> 108005.88 | R13: =SUMIF('5 Year Supply Plan'!A:A,'JZ_BRAND SPLITS'!C13,'5 Year Supply Plan'!N:N) -> 480492 | S13: =R13*E13 -> 101400.5 | T13: =SUMIF('5 Year Supply Plan'!A:A,'JZ_BRAND SPLITS'!C13,'5 Year Supply Plan'!O:O) -> 475448 | U13: =T13*E13 -> 100336.04 | V13: =SUMIF('5 Year Supply Plan'!A:A,'JZ_BRAND SPLITS'!C13,'5 Year Supply Plan'!P:P) -> 493730 | W13: =V13*E13 -> 104194.17 | X13: =SUMIF('5 Year Supply Plan'!A:A,'JZ_BRAND SPLITS'!C13,'5 Year Supply Plan'!Q:Q) -> 540517 | Y13: =X13*E13 -> 114067.86 | Z13: =SUMIF('5 Year Supply Plan'!A:A,'JZ_BRAND SPLITS'!C13,'5 Year Supply Plan'!R:R) -> 475766 | AA13: =Z13*E13 -> 100403.15 | AB13: =SUMIF('5 Year Supply Plan'!A:A,'JZ_BRAND SPLITS'!C13,'5 Year Supply Plan'!S:S) -> 547931 | AC13: =AB13*E13 -> 115632.47 | AD13: =SUMIF('5 Year Supply Plan'!A:A,'JZ_BRAND SPLITS'!C13,'5 Year Supply Plan'!T:T) -> 559087 | AE13: =AD13*E13 -> 117986.77 | AF13: =SUMIF('5 Year Supply Plan'!A:A,'JZ_BRAND SPLITS'!C13,'5 Year Supply Plan'!U:U) -> 524750 | AG13: =AF13*E13 -> 110740.47 | AH13: =SUMIF('5 Year Supply Plan'!A:A,'JZ_BRAND SPLITS'!C13,'5 Year Supply Plan'!V:V) -> 554431 | AI13: =AH13*E13 -> 117004.19 | AJ13: =SUMIF('5 Year Supply Plan'!A:A,'JZ_BRAND SPLITS'!C13,'5 Year Supply Plan'!W:W) -> 525662 | AK13: =E13*AJ13 -> 110932.94 | AL13: =SUMIF('5 Year Supply Plan'!A:A,'JZ_BRAND SPLITS'!C13,'5 Year Supply Plan'!X:X) -> 564556 | AM13: =AL13*E13 -> 119140.92 | AN13: =SUMIF('5 Year Supply Plan'!A:A,'JZ_BRAND SPLITS'!C13,'5 Year Supply Plan'!Y:Y) -> 549100 | AO13: =AN13*E13 -> 115879.17 | AP13: =SUMIF('5 Year Supply Plan'!A:A,'JZ_BRAND SPLITS'!C13,'5 Year Supply Plan'!Z:Z) -> 493951 | AQ13: =AP13*E13 -> 104240.81 | AR13: =SUMIF('5 Year Supply Plan'!A:A,'JZ_BRAND SPLITS'!C13,'5 Year Supply Plan'!AA:AA) -> 499570 | AS13: =AR13*E13 -> 105426.62 | AT13: =SUMIF('5 Year Supply Plan'!A:A,'JZ_BRAND SPLITS'!C13,'5 Year Supply Plan'!AB:AB) -> 536652 | AU13: =AT13*E13 -> 113252.21 | AV13: =SUMIF('5 Year Supply Plan'!A:A,'JZ_BRAND SPLITS'!C13,'5 Year Supply Plan'!AC:AC) -> 603150 | AW13: =AV13*E13 -> 127285.59 | AX13: =SUMIF('5 Year Supply Plan'!A:A,'JZ_BRAND SPLITS'!C13,'5 Year Supply Plan'!AD:AD) -> 519690 | AY13: =AX13*E13 -> 109672.64 | AZ13: =SUMIF('5 Year Supply Plan'!A:A,'JZ_BRAND SPLITS'!C13,'5 Year Supply Plan'!AE:AE) -> 594140 | BA13: =AZ13*E13 -> 125384.17 | BB13: =SUMIF('5 Year Supply Plan'!A:A,'JZ_BRAND SPLITS'!C13,'5 Year Supply Plan'!AF:AF) -> 606784 | BC13: =BB13*E13 -> 128052.49 | BD13: =SUMIF('5 Year Supply Plan'!A:A,'JZ_BRAND SPLITS'!C13,'5 Year Supply Plan'!AG:AG) -> 570808 | BE13: =BD13*E13 -> 120460.31 | BF13: =SUMIF('5 Year Supply Plan'!A:A,'JZ_BRAND SPLITS'!C13,'5 Year Supply Plan'!AH:AH) -> 602016 | BG13: =BF13*E13 -> 127046.28 | BH13: =SUMIF('5 Year Supply Plan'!A:A,'JZ_BRAND SPLITS'!C13,'5 Year Supply Plan'!AI:AI) -> 569110 | BI13: =BH13*E13 -> 120101.97 | BJ13: =SUMIF('5 Year Supply Plan'!A:A,'JZ_BRAND SPLITS'!C13,'5 Year Supply Plan'!AJ:AJ) -> 612307 | BK13: =BJ13*E13 -> 129218.04 | BL13: =SUMIF('5 Year Supply Plan'!A:A,'JZ_BRAND SPLITS'!C13,'5 Year Supply Plan'!AK:AK) -> 596015 | BM13: =BL13*E13 -> 125779.86 | BN13: =SUMIF('5 Year Supply Plan'!A:A,'JZ_BRAND SPLITS'!C13,'5 Year Supply Plan'!AL:AL) -> 535369 | BO13: =BN13*E13 -> 112981.45 | BP13: =SUMIF('5 Year Supply Plan'!A:A,'JZ_BRAND SPLITS'!C13,'5 Year Supply Plan'!AM:AM) -> 541992 | BQ13: =BP13*E13 -> 114379.13 | BR13: =SUMIF('5 Year Supply Plan'!A:A,'JZ_BRAND SPLITS'!C13,'5 Year Supply Plan'!AN:AN) -> 585661 | BS13: =BR13*E13 -> 123594.81 | BT13: =SUMIF('5 Year Supply Plan'!A:A,'JZ_BRAND SPLITS'!C13,'5 Year Supply Plan'!AO:AO) -> 661295 | BU13: =BT13*E13 -> 139556.21 | BV13: =SUMIF('5 Year Supply Plan'!A:A,'JZ_BRAND SPLITS'!C13,'5 Year Supply Plan'!AP:AP) -> 568036 | BW13: =BV13*E13 -> 119875.32 | BX13: =SUMIF('5 Year Supply Plan'!A:A,'JZ_BRAND SPLITS'!C13,'5 Year Supply Plan'!AQ:AQ) -> 648742 | BY13: =BX13*E13 -> 136907.09 | BZ13: =SUMIF('5 Year Supply Plan'!A:A,'JZ_BRAND SPLITS'!C13,'5 Year Supply Plan'!AR:AR) -> 663107 | CA13: =BZ13*E13 -> 139938.6 | CB13: =SUMIF('5 Year Supply Plan'!A:A,'JZ_BRAND SPLITS'!C13,'5 Year Supply Plan'!AS:AS) -> 624999 | CC13: =CB13*E13 -> 131896.49 | CD13: =SUMIF('5 Year Supply Plan'!A:A,'JZ_BRAND SPLITS'!C13,'5 Year Supply Plan'!AT:AT) -> 658341 | CE13: =CD13*E13 -> 138932.81 | CF13: =SUMIF('5 Year Supply Plan'!A:A,'JZ_BRAND SPLITS'!C13,'5 Year Supply Plan'!AU:AU) -> 620716 | CG13: =CF13*E13 -> 130992.63 | CH13: =SUMIF('5 Year Supply Plan'!A:A,'JZ_BRAND SPLITS'!C13,'5 Year Supply Plan'!AV:AV) -> 668885 | CI13: =CH13*E13 -> 141157.96 | CJ13: =SUMIF('5 Year Supply Plan'!A:A,'JZ_BRAND SPLITS'!C13,'5 Year Supply Plan'!AW:AW) -> 651687 | CK13: =CJ13*E13 -> 137528.59 | CL13: =SUMIF('5 Year Supply Plan'!A:A,'JZ_BRAND SPLITS'!C13,'5 Year Supply Plan'!AX:AX) -> 588125 | CM13: =CL13*E13 -> 124114.8 | CN13: =SUMIF('5 Year Supply Plan'!A:A,'JZ_BRAND SPLITS'!C13,'5 Year Supply Plan'!AY:AY) -> 585427 | CO13: =CN13*E13 -> 123545.43 | CP13: =SUMIF('5 Year Supply Plan'!A:A,'JZ_BRAND SPLITS'!C13,'5 Year Supply Plan'!AZ:AZ) -> 628285 | CQ13: =CP13*E13 -> 132589.95 | CR13: =SUMIF('5 Year Supply Plan'!A:A,'JZ_BRAND SPLITS'!C13,'5 Year Supply Plan'!BA:BA) -> 708352 | CS13: =CR13*E13 -> 149486.87 | CT13: =SUMIF('5 Year Supply Plan'!A:A,'JZ_BRAND SPLITS'!C13,'5 Year Supply Plan'!BB:BB) -> 606943 | CU13: =CT13*E13 -> 128086.05 | CV13: =SUMIF('5 Year Supply Plan'!A:A,'JZ_BRAND SPLITS'!C13,'5 Year Supply Plan'!BC:BC) -> 692926 | CW13: =CV13*E13 -> 146231.45 | CX13: =SUMIF('5 Year Supply Plan'!A:A,'JZ_BRAND SPLITS'!C13,'5 Year Supply Plan'!BD:BD) -> 708698 | CY13: =CX13*E13 -> 149559.89 | CZ13: =SUMIF('5 Year Supply Plan'!A:A,'JZ_BRAND SPLITS'!C13,'5 Year Supply Plan'!BE:BE) -> 668755 | DA13: =CZ13*E13 -> 141130.53 | DB13: =SUMIF('5 Year Supply Plan'!A:A,'JZ_BRAND SPLITS'!C13,'5 Year Supply Plan'!BF:BF) -> 703607 | DC13: =DB13*E13 -> 148485.51 | DD13: =SUMIF('5 Year Supply Plan'!A:A,'JZ_BRAND SPLITS'!C13,'5 Year Supply Plan'!BG:BG) -> 662336 | DE13: =DD13*E13 -> 139775.9 | DF13: =SUMIF('5 Year Supply Plan'!A:A,'JZ_BRAND SPLITS'!C13,'5 Year Supply Plan'!BH:BH) -> 714368 | DG13: =DF13*E13 -> 150756.45 | DH13: =SUMIF('5 Year Supply Plan'!A:A,'JZ_BRAND SPLITS'!C13,'5 Year Supply Plan'!BI:BI) -> 698262 | DI13: =DH13*E13 -> 147357.53 | DJ13: =SUMIF('5 Year Supply Plan'!A:A,'JZ_BRAND SPLITS'!C13,'5 Year Supply Plan'!BJ:BJ) -> 660826 | DK13: =DJ13*E13 -> 139457.23 | DL13: =SUMIF('5 Year Supply Plan'!A:A,'JZ_BRAND SPLITS'!C13,'5 Year Supply Plan'!BK:BK) -> 639327 | DM13: =DL13*E13 -> 134920.2 | DN13: =SUMIF('5 Year Supply Plan'!A:A,'JZ_BRAND SPLITS'!C13,'5 Year Supply Plan'!BL:BL) -> 659980 | DO13: =DN13*E13 -> 139278.7 | DP13: =SUMIF('5 Year Supply Plan'!A:A,'JZ_BRAND SPLITS'!C13,'5 Year Supply Plan'!BM:BM) -> 682022.38 | DQ13: =DP13*E13 -> 143930.4 | DR13: =SUMIF('5 Year Supply Plan'!A:A,'JZ_BRAND SPLITS'!C13,'5 Year Supply Plan'!BN:BN) -> 682022.38 | DS13: =DR13*E13 -> 143930.4 | DT13: =DS13+DQ13+DO13+DM13+DK13+DI13+DG13+DE13+DC13+DA13+CY13+CW13+CU13+CS13+CQ13+CO13+CM13+CK13+CI13+CG13+CE13+CC13+CA13+BY13+BW13+BU13+BS13+BQ13+BO13+BM13+BK13+BI13+BG13+BE13+BC13+BA13+AY13+AW13+AU13+AS13+AQ13+AO13+AM13+AK13+AI13+AG13+AE13+AC13+AA13+Y13+W13+U13+S13+Q13+O13+M13+K13+I13+G13 -> 7412785.9 | DU13: =SUMIF('5 Year Supply Plan'!A:A,'JZ_BRAND SPLITS'!C13,'5 Year Supply Plan'!BO:BO) -> 35125906
A14: A02C | B14: CSI | C14: AVANTI PLUS | D14: =_xlfn.CONCAT(A14,C14) -> A02CAVANTI PLUS | E14: 0.77265323 | F14: =SUMIF('5 Year Supply Plan'!A:A,'JZ_BRAND SPLITS'!C14,'5 Year Supply Plan'!H:H) -> 563176.73 | G14: =F14*E14 -> 435140.32 | H14: =SUMIF('5 Year Supply Plan'!A:A,'JZ_BRAND SPLITS'!C14,'5 Year Supply Plan'!I:I) -> 676363.35 | I14: =H14*E14 -> 522594.33 | J14: =SUMIF('5 Year Supply Plan'!A:A,'JZ_BRAND SPLITS'!C14,'5 Year Supply Plan'!J:J) -> 563719.94 | K14: =J14*E14 -> 435560.03 | L14: =SUMIF('5 Year Supply Plan'!A:A,'JZ_BRAND SPLITS'!C14,'5 Year Supply Plan'!K:K) -> 512615 | M14: =L14*E14 -> 396073.64 | N14: =SUMIF('5 Year Supply Plan'!A:A,'JZ_BRAND SPLITS'!C14,'5 Year Supply Plan'!L:L) -> 483484 | O14: =N14*E14 -> 373565.47 | P14: =SUMIF('5 Year Supply Plan'!A:A,'JZ_BRAND SPLITS'!C14,'5 Year Supply Plan'!M:M) -> 511792 | Q14: =P14*E14 -> 395437.74 | R14: =SUMIF('5 Year Supply Plan'!A:A,'JZ_BRAND SPLITS'!C14,'5 Year Supply Plan'!N:N) -> 480492 | S14: =R14*E14 -> 371253.7 | T14: =SUMIF('5 Year Supply Plan'!A:A,'JZ_BRAND SPLITS'!C14,'5 Year Supply Plan'!O:O) -> 475448 | U14: =T14*E14 -> 367356.43 | V14: =SUMIF('5 Year Supply Plan'!A:A,'JZ_BRAND SPLITS'!C14,'5 Year Supply Plan'!P:P) -> 493730 | W14: =V14*E14 -> 381482.08 | X14: =SUMIF('5 Year Supply Plan'!A:A,'JZ_BRAND SPLITS'!C14,'5 Year Supply Plan'!Q:Q) -> 540517 | Y14: =X14*E14 -> 417632.21 | Z14: =SUMIF('5 Year Supply Plan'!A:A,'JZ_BRAND SPLITS'!C14,'5 Year Supply Plan'!R:R) -> 475766 | AA14: =Z14*E14 -> 367602.14 | AB14: =SUMIF('5 Year Supply Plan'!A:A,'JZ_BRAND SPLITS'!C14,'5 Year Supply Plan'!S:S) -> 547931 | AC14: =AB14*E14 -> 423360.66 | AD14: =SUMIF('5 Year Supply Plan'!A:A,'JZ_BRAND SPLITS'!C14,'5 Year Supply Plan'!T:T) -> 559087 | AE14: =AD14*E14 -> 431980.38 | AF14: =SUMIF('5 Year Supply Plan'!A:A,'JZ_BRAND SPLITS'!C14,'5 Year Supply Plan'!U:U) -> 524750 | AG14: =AF14*E14 -> 405449.78 | AH14: =SUMIF('5 Year Supply Plan'!A:A,'JZ_BRAND SPLITS'!C14,'5 Year Supply Plan'!V:V) -> 554431 | AI14: =AH14*E14 -> 428382.9 | AJ14: =SUMIF('5 Year Supply Plan'!A:A,'JZ_BRAND SPLITS'!C14,'5 Year Supply Plan'!W:W) -> 525662 | AK14: =E14*AJ14 -> 406154.44 | AL14: =SUMIF('5 Year Supply Plan'!A:A,'JZ_BRAND SPLITS'!C14,'5 Year Supply Plan'!X:X) -> 564556 | AM14: =AL14*E14 -> 436206.02 | AN14: =SUMIF('5 Year Supply Plan'!A:A,'JZ_BRAND SPLITS'!C14,'5 Year Supply Plan'!Y:Y) -> 549100 | AO14: =AN14*E14 -> 424263.89 | AP14: =SUMIF('5 Year Supply Plan'!A:A,'JZ_BRAND SPLITS'!C14,'5 Year Supply Plan'!Z:Z) -> 493951 | AQ14: =AP14*E14 -> 381652.84 | AR14: =SUMIF('5 Year Supply Plan'!A:A,'JZ_BRAND SPLITS'!C14,'5 Year Supply Plan'!AA:AA) -> 499570 | AS14: =AR14*E14 -> 385994.37 | AT14: =SUMIF('5 Year Supply Plan'!A:A,'JZ_BRAND SPLITS'!C14,'5 Year Supply Plan'!AB:AB) -> 536652 | AU14: =AT14*E14 -> 414645.9 | AV14: =SUMIF('5 Year Supply Plan'!A:A,'JZ_BRAND SPLITS'!C14,'5 Year Supply Plan'!AC:AC) -> 603150 | AW14: =AV14*E14 -> 466025.8 | AX14: =SUMIF('5 Year Supply Plan'!A:A,'JZ_BRAND SPLITS'!C14,'5 Year Supply Plan'!AD:AD) -> 519690 | AY14: =AX14*E14 -> 401540.16 | AZ14: =SUMIF('5 Year Supply Plan'!A:A,'JZ_BRAND SPLITS'!C14,'5 Year Supply Plan'!AE:AE) -> 594140 | BA14: =AZ14*E14 -> 459064.19 | BB14: =SUMIF('5 Year Supply Plan'!A:A,'JZ_BRAND SPLITS'!C14,'5 Year Supply Plan'!AF:AF) -> 606784 | BC14: =BB14*E14 -> 468833.62 | BD14: =SUMIF('5 Year Supply Plan'!A:A,'JZ_BRAND SPLITS'!C14,'5 Year Supply Plan'!AG:AG) -> 570808 | BE14: =BD14*E14 -> 441036.64 | BF14: =SUMIF('5 Year Supply Plan'!A:A,'JZ_BRAND SPLITS'!C14,'5 Year Supply Plan'!AH:AH) -> 602016 | BG14: =BF14*E14 -> 465149.61 | BH14: =SUMIF('5 Year Supply Plan'!A:A,'JZ_BRAND SPLITS'!C14,'5 Year Supply Plan'!AI:AI) -> 569110 | BI14: =BH14*E14 -> 439724.68 | BJ14: =SUMIF('5 Year Supply Plan'!A:A,'JZ_BRAND SPLITS'!C14,'5 Year Supply Plan'!AJ:AJ) -> 612307 | BK14: =BJ14*E14 -> 473100.98 | BL14: =SUMIF('5 Year Supply Plan'!A:A,'JZ_BRAND SPLITS'!C14,'5 Year Supply Plan'!AK:AK) -> 596015 | BM14: =BL14*E14 -> 460512.91 | BN14: =SUMIF('5 Year Supply Plan'!A:A,'JZ_BRAND SPLITS'!C14,'5 Year Supply Plan'!AL:AL) -> 535369 | BO14: =BN14*E14 -> 413654.59 | BP14: =SUMIF('5 Year Supply Plan'!A:A,'JZ_BRAND SPLITS'!C14,'5 Year Supply Plan'!AM:AM) -> 541992 | BQ14: =BP14*E14 -> 418771.87 | BR14: =SUMIF('5 Year Supply Plan'!A:A,'JZ_BRAND SPLITS'!C14,'5 Year Supply Plan'!AN:AN) -> 585661 | BS14: =BR14*E14 -> 452512.86 | BT14: =SUMIF('5 Year Supply Plan'!A:A,'JZ_BRAND SPLITS'!C14,'5 Year Supply Plan'!AO:AO) -> 661295 | BU14: =BT14*E14 -> 510951.72 | BV14: =SUMIF('5 Year Supply Plan'!A:A,'JZ_BRAND SPLITS'!C14,'5 Year Supply Plan'!AP:AP) -> 568036 | BW14: =BV14*E14 -> 438894.85 | BX14: =SUMIF('5 Year Supply Plan'!A:A,'JZ_BRAND SPLITS'!C14,'5 Year Supply Plan'!AQ:AQ) -> 648742 | BY14: =BX14*E14 -> 501252.6 | BZ14: =SUMIF('5 Year Supply Plan'!A:A,'JZ_BRAND SPLITS'!C14,'5 Year Supply Plan'!AR:AR) -> 663107 | CA14: =BZ14*E14 -> 512351.77 | CB14: =SUMIF('5 Year Supply Plan'!A:A,'JZ_BRAND SPLITS'!C14,'5 Year Supply Plan'!AS:AS) -> 624999 | CC14: =CB14*E14 -> 482907.5 | CD14: =SUMIF('5 Year Supply Plan'!A:A,'JZ_BRAND SPLITS'!C14,'5 Year Supply Plan'!AT:AT) -> 658341 | CE14: =CD14*E14 -> 508669.3 | CF14: =SUMIF('5 Year Supply Plan'!A:A,'JZ_BRAND SPLITS'!C14,'5 Year Supply Plan'!AU:AU) -> 620716 | CG14: =CF14*E14 -> 479598.22 | CH14: =SUMIF('5 Year Supply Plan'!A:A,'JZ_BRAND SPLITS'!C14,'5 Year Supply Plan'!AV:AV) -> 668885 | CI14: =CH14*E14 -> 516816.16 | CJ14: =SUMIF('5 Year Supply Plan'!A:A,'JZ_BRAND SPLITS'!C14,'5 Year Supply Plan'!AW:AW) -> 651687 | CK14: =CJ14*E14 -> 503528.07 | CL14: =SUMIF('5 Year Supply Plan'!A:A,'JZ_BRAND SPLITS'!C14,'5 Year Supply Plan'!AX:AX) -> 588125 | CM14: =CL14*E14 -> 454416.68 | CN14: =SUMIF('5 Year Supply Plan'!A:A,'JZ_BRAND SPLITS'!C14,'5 Year Supply Plan'!AY:AY) -> 585427 | CO14: =CN14*E14 -> 452332.06 | CP14: =SUMIF('5 Year Supply Plan'!A:A,'JZ_BRAND SPLITS'!C14,'5 Year Supply Plan'!AZ:AZ) -> 628285 | CQ14: =CP14*E14 -> 485446.43 | CR14: =SUMIF('5 Year Supply Plan'!A:A,'JZ_BRAND SPLITS'!C14,'5 Year Supply Plan'!BA:BA) -> 708352 | CS14: =CR14*E14 -> 547310.46 | CT14: =SUMIF('5 Year Supply Plan'!A:A,'JZ_BRAND SPLITS'!C14,'5 Year Supply Plan'!BB:BB) -> 606943 | CU14: =CT14*E14 -> 468956.47 | CV14: =SUMIF('5 Year Supply Plan'!A:A,'JZ_BRAND SPLITS'!C14,'5 Year Supply Plan'!BC:BC) -> 692926 | CW14: =CV14*E14 -> 535391.51 | CX14: =SUMIF('5 Year Supply Plan'!A:A,'JZ_BRAND SPLITS'!C14,'5 Year Supply Plan'!BD:BD) -> 708698 | CY14: =CX14*E14 -> 547577.8 | CZ14: =SUMIF('5 Year Supply Plan'!A:A,'JZ_BRAND SPLITS'!C14,'5 Year Supply Plan'!BE:BE) -> 668755 | DA14: =CZ14*E14 -> 516715.71 | DB14: =SUMIF('5 Year Supply Plan'!A:A,'JZ_BRAND SPLITS'!C14,'5 Year Supply Plan'!BF:BF) -> 703607 | DC14: =DB14*E14 -> 543644.22 | DD14: =SUMIF('5 Year Supply Plan'!A:A,'JZ_BRAND SPLITS'!C14,'5 Year Supply Plan'!BG:BG) -> 662336 | DE14: =DD14*E14 -> 511756.05 | DF14: =SUMIF('5 Year Supply Plan'!A:A,'JZ_BRAND SPLITS'!C14,'5 Year Supply Plan'!BH:BH) -> 714368 | DG14: =DF14*E14 -> 551958.74 | DH14: =SUMIF('5 Year Supply Plan'!A:A,'JZ_BRAND SPLITS'!C14,'5 Year Supply Plan'!BI:BI) -> 698262 | DI14: =DH14*E14 -> 539514.39 | DJ14: =SUMIF('5 Year Supply Plan'!A:A,'JZ_BRAND SPLITS'!C14,'5 Year Supply Plan'!BJ:BJ) -> 660826 | DK14: =DJ14*E14 -> 510589.34 | DL14: =SUMIF('5 Year Supply Plan'!A:A,'JZ_BRAND SPLITS'!C14,'5 Year Supply Plan'!BK:BK) -> 639327 | DM14: =DL14*E14 -> 493978.07 | DN14: =SUMIF('5 Year Supply Plan'!A:A,'JZ_BRAND SPLITS'!C14,'5 Year Supply Plan'!BL:BL) -> 659980 | DO14: =DN14*E14 -> 509935.68 | DP14: =SUMIF('5 Year Supply Plan'!A:A,'JZ_BRAND SPLITS'!C14,'5 Year Supply Plan'!BM:BM) -> 682022.38 | DQ14: =DP14*E14 -> 526966.79 | DR14: =SUMIF('5 Year Supply Plan'!A:A,'JZ_BRAND SPLITS'!C14,'5 Year Supply Plan'!BN:BN) -> 682022.38 | DS14: =DR14*E14 -> 526966.79 | DT14: =DS14+DQ14+DO14+DM14+DK14+DI14+DG14+DE14+DC14+DA14+CY14+CW14+CU14+CS14+CQ14+CO14+CM14+CK14+CI14+CG14+CE14+CC14+CA14+BY14+BW14+BU14+BS14+BQ14+BO14+BM14+BK14+BI14+BG14+BE14+BC14+BA14+AY14+AW14+AU14+AS14+AQ14+AO14+AM14+AK14+AI14+AG14+AE14+AC14+AA14+Y14+W14+U14+S14+Q14+O14+M14+K14+I14+G14 -> 27140145 | DU14: =SUMIF('5 Year Supply Plan'!A:A,'JZ_BRAND SPLITS'!C14,'5 Year Supply Plan'!BO:BO) -> 35125906
... A79: CONTROL | B79: MYNX | C79: CONTROL | D79: =_xlfn.CONCAT(A79,C79) -> CONTROLCONTROL | E79: 1 | F79: =SUMIF('5 Year Supply Plan'!A:A,'JZ_BRAND SPLITS'!C79,'5 Year Supply Plan'!H:H) -> 39511 | G79: =F79*E79 -> 39511 | H79: =SUMIF('5 Year Supply Plan'!A:A,'JZ_BRAND SPLITS'!C79,'5 Year Supply Plan'!I:I) -> 45157 | I79: =H79*E79 -> 45157 | J79: =SUMIF('5 Year Supply Plan'!A:A,'JZ_BRAND SPLITS'!C79,'5 Year Supply Plan'!J:J) -> 48295 | K79: =J79*E79 -> 48295 | L79: =SUMIF('5 Year Supply Plan'!A:A,'JZ_BRAND SPLITS'!C79,'5 Year Supply Plan'!K:K) -> 44511 | M79: =L79*E79 -> 44511 | N79: =SUMIF('5 Year Supply Plan'!A:A,'JZ_BRAND SPLITS'!C79,'5 Year Supply Plan'!L:L) -> 46614 | O79: =N79*E79 -> 46614 | P79: =SUMIF('5 Year Supply Plan'!A:A,'JZ_BRAND SPLITS'!C79,'5 Year Supply Plan'!M:M) -> 47073 | Q79: =P79*E79 -> 47073 | R79: =SUMIF('5 Year Supply Plan'!A:A,'JZ_BRAND SPLITS'!C79,'5 Year Supply Plan'!N:N) -> 51261 | S79: =R79*E79 -> 51261 | T79: =SUMIF('5 Year Supply Plan'!A:A,'JZ_BRAND SPLITS'!C79,'5 Year Supply Plan'!O:O) -> 47107 | U79: =T79*E79 -> 47107 | V79: =SUMIF('5 Year Supply Plan'!A:A,'JZ_BRAND SPLITS'!C79,'5 Year Supply Plan'!P:P) -> 51759 | W79: =V79*E79 -> 51759 | X79: =SUMIF('5 Year Supply Plan'!A:A,'JZ_BRAND SPLITS'!C79,'5 Year Supply Plan'!Q:Q) -> 58977 | Y79: =X79*E79 -> 58977 | Z79: =SUMIF('5 Year Supply Plan'!A:A,'JZ_BRAND SPLITS'!C79,'5 Year Supply Plan'!R:R) -> 47322 | AA79: =Z79*E79 -> 47322 | AB79: =SUMIF('5 Year Supply Plan'!A:A,'JZ_BRAND SPLITS'!C79,'5 Year Supply Plan'!S:S) -> 48876 | AC79: =AB79*E79 -> 48876 | AD79: =SUMIF('5 Year Supply Plan'!A:A,'JZ_BRAND SPLITS'!C79,'5 Year Supply Plan'!T:T) -> 54375 | AE79: =AD79*E79 -> 54375 | AF79: =SUMIF('5 Year Supply Plan'!A:A,'JZ_BRAND SPLITS'!C79,'5 Year Supply Plan'!U:U) -> 49227 | AG79: =AF79*E79 -> 49227 | AH79: =SUMIF('5 Year Supply Plan'!A:A,'JZ_BRAND SPLITS'!C79,'5 Year Supply Plan'!V:V) -> 55544 | AI79: =AH79*E79 -> 55544 | AJ79: =SUMIF('5 Year Supply Plan'!A:A,'JZ_BRAND SPLITS'!C79,'5 Year Supply Plan'!W:W) -> 46305 | AK79: =E79*AJ79 -> 46305 | AL79: =SUMIF('5 Year Supply Plan'!A:A,'JZ_BRAND SPLITS'!C79,'5 Year Supply Plan'!X:X) -> 51540 | AM79: =AL79*E79 -> 51540 | AN79: =SUMIF('5 Year Supply Plan'!A:A,'JZ_BRAND SPLITS'!C79,'5 Year Supply Plan'!Y:Y) -> 54747 | AO79: =AN79*E79 -> 54747 | AP79: =SUMIF('5 Year Supply Plan'!A:A,'JZ_BRAND SPLITS'!C79,'5 Year Supply Plan'!Z:Z) -> 50682 | AQ79: =AP79*E79 -> 50682 | AR79: =SUMIF('5 Year Supply Plan'!A:A,'JZ_BRAND SPLITS'!C79,'5 Year Supply Plan'!AA:AA) -> 45902 | AS79: =AR79*E79 -> 45902 | AT79: =SUMIF('5 Year Supply Plan'!A:A,'JZ_BRAND SPLITS'!C79,'5 Year Supply Plan'!AB:AB) -> 50854 | AU79: =AT79*E79 -> 50854 | AV79: =SUMIF('5 Year Supply Plan'!A:A,'JZ_BRAND SPLITS'!C79,'5 Year Supply Plan'!AC:AC) -> 58016 | AW79: =AV79*E79 -> 58016 | AX79: =SUMIF('5 Year Supply Plan'!A:A,'JZ_BRAND SPLITS'!C79,'5 Year Supply Plan'!AD:AD) -> 50613 | AY79: =AX79*E79 -> 50613 | AZ79: =SUMIF('5 Year Supply Plan'!A:A,'JZ_BRAND SPLITS'!C79,'5 Year Supply Plan'!AE:AE) -> 52798 | BA79: =AZ79*E79 -> 52798 | BB79: =SUMIF('5 Year Supply Plan'!A:A,'JZ_BRAND SPLITS'!C79,'5 Year Supply Plan'!AF:AF) -> 58737 | BC79: =BB79*E79 -> 58737 | BD79: =SUMIF('5 Year Supply Plan'!A:A,'JZ_BRAND SPLITS'!C79,'5 Year Supply Plan'!AG:AG) -> 53191 | BE79: =BD79*E79 -> 53191 | BF79: =SUMIF('5 Year Supply Plan'!A:A,'JZ_BRAND SPLITS'!C79,'5 Year Supply Plan'!AH:AH) -> 60041 | BG79: =BF79*E79 -> 60041 | BH79: =SUMIF('5 Year Supply Plan'!A:A,'JZ_BRAND SPLITS'!C79,'5 Year Supply Plan'!AI:AI) -> 50120 | BI79: =BH79*E79 -> 50120 | BJ79: =SUMIF('5 Year Supply Plan'!A:A,'JZ_BRAND SPLITS'!C79,'5 Year Supply Plan'!AJ:AJ) -> 55781 | BK79: =BJ79*E79 -> 55781 | BL79: =SUMIF('5 Year Supply Plan'!A:A,'JZ_BRAND SPLITS'!C79,'5 Year Supply Plan'!AK:AK) -> 59212 | BM79: =BL79*E79 -> 59212 | BN79: =SUMIF('5 Year Supply Plan'!A:A,'JZ_BRAND SPLITS'!C79,'5 Year Supply Plan'!AL:AL) -> 54832 | BO79: =BN79*E79 -> 54832 | BP79: =SUMIF('5 Year Supply Plan'!A:A,'JZ_BRAND SPLITS'!C79,'5 Year Supply Plan'!AM:AM) -> 49742 | BQ79: =BP79*E79 -> 49742 | BR79: =SUMIF('5 Year Supply Plan'!A:A,'JZ_BRAND SPLITS'!C79,'5 Year Supply Plan'!AN:AN) -> 54860 | BS79: =BR79*E79 -> 54860 | BT79: =SUMIF('5 Year Supply Plan'!A:A,'JZ_BRAND SPLITS'!C79,'5 Year Supply Plan'!AO:AO) -> 62507 | BU79: =BT79*E79 -> 62507 | BV79: =SUMIF('5 Year Supply Plan'!A:A,'JZ_BRAND SPLITS'!C79,'5 Year Supply Plan'!AP:AP) -> 54164 | BW79: =BV79*E79 -> 54164 | BX79: =SUMIF('5 Year Supply Plan'!A:A,'JZ_BRAND SPLITS'!C79,'5 Year Supply Plan'!AQ:AQ) -> 56447 | BY79: =BX79*E79 -> 56447 | BZ79: =SUMIF('5 Year Supply Plan'!A:A,'JZ_BRAND SPLITS'!C79,'5 Year Supply Plan'!AR:AR) -> 62776 | CA79: =BZ79*E79 -> 62776 | CB79: =SUMIF('5 Year Supply Plan'!A:A,'JZ_BRAND SPLITS'!C79,'5 Year Supply Plan'!AS:AS) -> 56863 | CC79: =CB79*E79 -> 56863 | CD79: =SUMIF('5 Year Supply Plan'!A:A,'JZ_BRAND SPLITS'!C79,'5 Year Supply Plan'!AT:AT) -> 64189 | CE79: =CD79*E79 -> 64189 | CF79: =SUMIF('5 Year Supply Plan'!A:A,'JZ_BRAND SPLITS'!C79,'5 Year Supply Plan'!AU:AU) -> 53645 | CG79: =CF79*E79 -> 53645 | CH79: =SUMIF('5 Year Supply Plan'!A:A,'JZ_BRAND SPLITS'!C79,'5 Year Supply Plan'!AV:AV) -> 59681 | CI79: =CH79*E79 -> 59681 | CJ79: =SUMIF('5 Year Supply Plan'!A:A,'JZ_BRAND SPLITS'!C79,'5 Year Supply Plan'!AW:AW) -> 63304 | CK79: =CJ79*E79 -> 63304 | CL79: =SUMIF('5 Year Supply Plan'!A:A,'JZ_BRAND SPLITS'!C79,'5 Year Supply Plan'!AX:AX) -> 58628 | CM79: =CL79*E79 -> 58628 | CN79: =SUMIF('5 Year Supply Plan'!A:A,'JZ_BRAND SPLITS'!C79,'5 Year Supply Plan'!AY:AY) -> 53299 | CO79: =CN79*E79 -> 53299 | CP79: =SUMIF('5 Year Supply Plan'!A:A,'JZ_BRAND SPLITS'!C79,'5 Year Supply Plan'!AZ:AZ) -> 58412 | CQ79: =CP79*E79 -> 58412 | CR79: =SUMIF('5 Year Supply Plan'!A:A,'JZ_BRAND SPLITS'!C79,'5 Year Supply Plan'!BA:BA) -> 66489 | CS79: =CR79*E79 -> 66489 | CT79: =SUMIF('5 Year Supply Plan'!A:A,'JZ_BRAND SPLITS'!C79,'5 Year Supply Plan'!BB:BB) -> 57346 | CU79: =CT79*E79 -> 57346 | CV79: =SUMIF('5 Year Supply Plan'!A:A,'JZ_BRAND SPLITS'!C79,'5 Year Supply Plan'!BC:BC) -> 59688 | CW79: =CV79*E79 -> 59688 | CX79: =SUMIF('5 Year Supply Plan'!A:A,'JZ_BRAND SPLITS'!C79,'5 Year Supply Plan'!BD:BD) -> 66397 | CY79: =CX79*E79 -> 66397 | CZ79: =SUMIF('5 Year Supply Plan'!A:A,'JZ_BRAND SPLITS'!C79,'5 Year Supply Plan'!BE:BE) -> 60137 | DA79: =CZ79*E79 -> 60137 | DB79: =SUMIF('5 Year Supply Plan'!A:A,'JZ_BRAND SPLITS'!C79,'5 Year Supply Plan'!BF:BF) -> 67905 | DC79: =DB79*E79 -> 67905 | DD79: =SUMIF('5 Year Supply Plan'!A:A,'JZ_BRAND SPLITS'!C79,'5 Year Supply Plan'!BG:BG) -> 56738 | DE79: =DD79*E79 -> 56738 | DF79: =SUMIF('5 Year Supply Plan'!A:A,'JZ_BRAND SPLITS'!C79,'5 Year Supply Plan'!BH:BH) -> 63118 | DG79: =DF79*E79 -> 63118 | DH79: =SUMIF('5 Year Supply Plan'!A:A,'JZ_BRAND SPLITS'!C79,'5 Year Supply Plan'!BI:BI) -> 66960 | DI79: =DH79*E79 -> 66960 | DJ79: =SUMIF('5 Year Supply Plan'!A:A,'JZ_BRAND SPLITS'!C79,'5 Year Supply Plan'!BJ:BJ) -> 62047 | DK79: =DJ79*E79 -> 62047 | DL79: =SUMIF('5 Year Supply Plan'!A:A,'JZ_BRAND SPLITS'!C79,'5 Year Supply Plan'!BK:BK) -> 56603 | DM79: =DL79*E79 -> 56603 | DN79: =SUMIF('5 Year Supply Plan'!A:A,'JZ_BRAND SPLITS'!C79,'5 Year Supply Plan'!BL:BL) -> 60583 | DO79: =DN79*E79 -> 60583 | DP79: =SUMIF('5 Year Supply Plan'!A:A,'JZ_BRAND SPLITS'!C79,'5 Year Supply Plan'!BM:BM) -> 62488.125 | DQ79: =DP79*E79 -> 62488.125 | DR79: =SUMIF('5 Year Supply Plan'!A:A,'JZ_BRAND SPLITS'!C79,'5 Year Supply Plan'!BN:BN) -> 62488.125 | DS79: =DR79*E79 -> 62488.125 | DT79: =DS79+DQ79+DO79+DM79+DK79+DI79+DG79+DE79+DC79+DA79+CY79+CW79+CU79+CS79+CQ79+CO79+CM79+CK79+CI79+CG79+CE79+CC79+CA79+BY79+BW79+BU79+BS79+BQ79+BO79+BM79+BK79+BI79+BG79+BE79+BC79+BA79+AY79+AW79+AU79+AS79+AQ79+AO79+AM79+AK79+AI79+AG79+AE79+AC79+AA79+Y79+W79+U79+S79+Q79+O79+M79+K79+I79+G79 -> 3266484.2 | DU79: =SUMIF('5 Year Supply Plan'!A:A,'JZ_BRAND SPLITS'!C79,'5 Year Supply Plan'!BO:BO) -> 0

Sheet MYNX
A1: Brands | B1: Source Plant | C1: Aug FY26 | D1: Sep FY26 | E1: Oct FY26 | F1: Nov FY26 | G1: Dec FY26 | H1: Jan FY26 | I1: Feb FY26 | J1: Mar FY26 | K1: Apr FY26 | L1: May FY26 | M1: Jun FY26 | N1: Jul FY27 | O1: Aug FY27 | P1: Sep FY27 | Q1: Oct FY27 | R1: Nov FY27 | S1: Dec FY27 | T1: Jan FY27 | U1: Feb FY27 | V1: Mar FY27 | W1: Apr FY27 | X1: May FY27 | Y1: Jun FY27 | Z1: Jul FY28 | AA1: Aug FY28 | AB1: Sep FY28 | AC1: Oct FY28 | AD1: Nov FY28 | AE1: Dec FY28 | AF1: Jan FY28 | AG1: Feb FY28 | AH1: Mar FY28 | AI1: Apr FY28 | AJ1: May FY28 | AK1: Jun FY28 | AL1: Jul FY29 | AM1: Aug FY29 | AN1: Sep FY29 | AO1: Oct FY29 | AP1: Nov FY29 | AQ1: Dec FY29 | AR1: Jan FY29 | AS1: Feb FY29 | AT1: Mar FY29 | AU1: Apr FY29 | AV1: May FY29 | AW1: Jun FY29 | AX1: Jul FY30 | AY1: Aug FY30 | AZ1: Sep FY30 | BA1: Oct FY30 | BB1: Nov FY30 | BC1: Dec FY30 | BD1: Jan FY30 | BE1: Feb FY30 | BF1: Mar FY30 | BG1: Apr FY30 | BH1: May FY30 | BI1: Jun FY30 | BJ1: 5 Year Total
A2: MYNX Control | B2: Santa_Clara | C2: 21988 | D2: 20639 | E2: 22701 | F2: 20728 | G2: 21186 | H2: 21362 | I2: 20405 | J2: 18977 | K2: 21582 | L2: 24998 | M2: 21112 | N2: 22215 | O2: 23889 | P2: 21825 | Q2: 24336 | R2: 20839 | S2: 22671 | T2: 23459 | U2: 21492 | V2: 19922 | W2: 22646 | X2: 26147 | Y2: 22616 | Z2: 23870 | AA2: 25673 | AB2: 23453 | AC2: 26152 | AD2: 22390 | AE2: 24363 | AF2: 25214 | AG2: 23099 | AH2: 21408 | AI2: 24370 | AJ2: 28173 | AK2: 24169 | AL2: 25490 | AM2: 27400 | AN2: 25038 | AO2: 27907 | AP2: 23910 | AQ2: 26005 | AR2: 26893 | AS2: 24632 | AT2: 22870 | AU2: 25938 | AV2: 30069 | AW2: 25685 | AX2: 27066 | AY2: 29108 | AZ2: 26596 | BA2: 29649 | BB2: 25390 | BC2: 27624 | BD2: 28587 | BE2: 26261 | BF2: 24619 | BG2: 26096 | BH2: 27229.25 | BI2: 27229.25
A3: MYNX Control Venous | B3: Santa_Clara | C3: 17523 | D3: 24518 | E3: 25594 | F3: 23783 | G3: 25428 | H3: 25711 | I3: 30856 | J3: 28130 | K3: 30177 | L3: 33979 | M3: 26210 | N3: 26661 | O3: 30486 | P3: 27402 | Q3: 31208 | R3: 25466 | S3: 28869 | T3: 31288 | U3: 29190 | V3: 25980 | W3: 28208 | X3: 31869 | Y3: 27997 | Z3: 28928 | AA3: 33064 | AB3: 29738 | AC3: 33889 | AD3: 27730 | AE3: 31418 | AF3: 33998 | AG3: 31733 | AH3: 28334 | AI3: 30490 | AJ3: 34334 | AK3: 29995 | AL3: 30957 | AM3: 35376 | AN3: 31825 | AO3: 36282 | AP3: 29735 | AQ3: 33676 | AR3: 36411 | AS3: 33996 | AT3: 30429 | AU3: 32474 | AV3: 36420 | AW3: 31661 | AX3: 32622 | AY3: 37289 | AZ3: 33541 | BA3: 38256 | BB3: 31348 | BC3: 35494 | BD3: 38373 | BE3: 35786 | BF3: 31984 | BG3: 34487 | BH3: 35258.875 | BI3: 35258.875
A4: MYNX GRIP | B4: Santa_Clara | C4: 17569 | D4: 14286 | E4: 17436 | F4: 16922 | G4: 19854 | H4: 21922 | I4: 21733 | J4: 20766 | K4: 20837 | L4: 24840 | M4: 20178 | N4: 22216 | O4: 24304 | P4: 21118 | Q4: 24310 | R4: 21158 | S4: 22269 | T4: 24313 | U4: 22118 | V4: 21134 | W4: 21207 | X4: 25378 | Y4: 21909 | Z4: 24124 | AA4: 26392 | AB4: 22931 | AC4: 26397 | AD4: 22975 | AE4: 24181 | AF4: 26400 | AG4: 24017 | AH4: 22949 | AI4: 23028 | AJ4: 27514 | AK4: 23223 | AL4: 25571 | AM4: 27976 | AN4: 24307 | AO4: 27981 | AP4: 24353 | AQ4: 25632 | AR4: 27984 | AS4: 25459 | AT4: 24326 | AU4: 24408 | AV4: 29165 | AW4: 24618 | AX4: 27105 | AY4: 29654 | AZ4: 25765 | BA4: 29660 | BB4: 25815 | BC4: 27169 | BD4: 29664 | BE4: 26985 | BF4: 25786 | BG4: 25874 | BH4: 27562.25 | BI4: 27562.25
A5: MYNX TOTAL | B5: Santa_Clara | C5: =SUM(C2:C4) -> 57080 | D5: =SUM(D2:D4) -> 59443 | E5: =SUM(E2:E4) -> 65731 | F5: =SUM(F2:F4) -> 61433 | G5: =SUM(G2:G4) -> 66468 | H5: =SUM(H2:H4) -> 68995 | I5: =SUM(I2:I4) -> 72994 | J5: =SUM(J2:J4) -> 67873 | ... BI5: =SUM(BI2:BI4) -> 90050.375
A7: CONTROL | B7: Santa_Clara | C7: 39511 | D7: 45157 | E7: 48295 | F7: 44511 | G7: 46614 | H7: 47073 | I7: 51261 | J7: 47107 | K7: 51759 | L7: 58977 | M7: 47322 | N7: 48876 | O7: 54375 | P7: 49227 | Q7: 55544 | R7: 46305 | S7: 51540 | T7: 54747 | U7: 50682 | V7: 45902 | W7: 50854 | X7: 58016 | Y7: 50613 | Z7: 52798 | AA7: 58737 | AB7: 53191 | AC7: 60041 | AD7: 50120 | AE7: 55781 | AF7: 59212 | AG7: 54832 | AH7: 49742 | AI7: 54860 | AJ7: 62507 | AK7: 54164 | AL7: 56447 | AM7: 62776 | AN7: 56863 | AO7: 64189 | AP7: 53645 | AQ7: 59681 | AR7: 63304 | AS7: 58628 | AT7: 53299 | AU7: 58412 | AV7: 66489 | AW7: 57346 | AX7: 59688 | AY7: 66397 | AZ7: 60137 | BA7: 67905 | BB7: 56738 | BC7: 63118 | BD7: 66960 | BE7: 62047 | BF7: 56603 | BG7: 60583 | BH7: 62488.125 | BI7: 62488.125
A8: MYNX TOTAL | B8: Santa_Clara | C8: 57080 | D8: 59443 | E8: 65731 | F8: 61433 | G8: 66468 | H8: 68995 | I8: 72994 | J8: 67873 | K8: 72596 | L8: 83817 | M8: 67500 | N8: 71092 | O8: 78679 | P8: 70345 | Q8: 79854 | R8: 67463 | S8: 73809 | T8: 79060 | U8: 72800 | V8: 67036 | W8: 72061 | X8: 83394 | Y8: 72522 | Z8: 76922 | AA8: 85129 | AB8: 76122 | AC8: 86438 | AD8: 73095 | AE8: 79962 | AF8: 85612 | AG8: 78849 | AH8: 72691 | AI8: 77888 | AJ8: 90021 | AK8: 77387 | AL8: 82018 | AM8: 90752 | AN8: 81170 | AO8: 92170 | AP8: 77998 | AQ8: 85313 | AR8: 91288 | AS8: 84087 | AT8: 77625 | AU8: 82820 | AV8: 95654 | AW8: 81964 | AX8: 86793 | AY8: 96051 | AZ8: 85902 | BA8: 97565 | BB8: 82553 | BC8: 90287 | BD8: 96624 | BE8: 89032 | BF8: 82389 | BG8: 86457 | BH8: 90050.375 | BI8: 90050.375
C10: 39511 | D10: 45157 | E10: 48295 | F10: 44511 | G10: 46614 | H10: 47073 | I10: 51261 | J10: 47107 | K10: 51759 | L10: 58977 | M10: 47322 | N10: 48876 | O10: 54375 | P10: 49227 | Q10: 55544 | R10: 46305 | S10: 51540 | T10: 54747 | U10: 50682 | V10: 45902 | W10: 50854 | X10: 58016 | Y10: 50613 | Z10: 52798 | AA10: 58737 | AB10: 53191 | AC10: 60041 | AD10: 50120 | AE10: 55781 | AF10: 59212 | AG10: 54832 | AH10: 49742 | AI10: 54860 | AJ10: 62507 | AK10: 54164 | AL10: 56447 | AM10: 62776 | AN10: 56863 | AO10: 64189 | AP10: 53645 | AQ10: 59681 | AR10: 63304 | AS10: 58628 | AT10: 53299 | AU10: 58412 | AV10: 66489 | AW10: 57346 | AX10: 59688 | AY10: 66397 | AZ10: 60137 | BA10: 67905 | BB10: 56738 | BC10: 63118 | BD10: 66960 | BE10: 62047 | BF10: 56603 | BG10: 60583 | BH10: 62488.125 | BI10: 62488.125

Sheet SELUTION
A1: Brands | B1: Source Plant | C1: Aug FY26 | D1: Sep FY26 | E1: Oct FY26 | F1: Nov FY26 | G1: Dec FY26 | H1: Jan FY26 | I1: Feb FY26 | J1: Mar FY26 | K1: Apr FY26 | L1: May FY26 | M1: Jun FY26 | N1: Jul FY27 | O1: Aug FY27 | P1: Sep FY27 | Q1: Oct FY27 | R1: Nov FY27 | S1: Dec FY27 | T1: Jan FY27 | U1: Feb FY27 | V1: Mar FY27 | W1: Apr FY27 | X1: May FY27 | Y1: Jun FY27 | Z1: Jul FY28 | AA1: Aug FY28 | AB1: Sep FY28 | AC1: Oct FY28 | AD1: Nov FY28 | AE1: Dec FY28 | AF1: Jan FY28 | AG1: Feb FY28 | AH1: Mar FY28 | AI1: Apr FY28 | AJ1: May FY28 | AK1: Jun FY28 | AL1: Jul FY29 | AM1: Aug FY29 | AN1: Sep FY29 | AO1: Oct FY29 | AP1: Nov FY29 | AQ1: Dec FY29 | AR1: Jan FY29 | AS1: Feb FY29 | AT1: Mar FY29 | AU1: Apr FY29 | AV1: May FY29 | AW1: Jun FY29 | AX1: Jul FY30 | AY1: Aug FY30 | AZ1: Sep FY30 | BA1: Oct FY30 | BB1: Nov FY30 | BC1: Dec FY30 | BD1: Jan FY30 | BE1: Feb FY30 | BF1: Mar FY30 | BG1: Apr FY30 | BH1: May FY30 | BI1: Jun FY30 | BJ1: 5 Year Total
A2: Selution PTA | B2: Irvine | C2: 4935.0414 | D2: 5205.0414 | E2: 4361.0414 | F2: 6247.0414 | G2: 2277 | H2: 2975.0414 | I2: 4489.0414 | J2: 4756.0414 | K2: 2941.0414 | L2: 2994.0414 | M2: 3027 | N2: 6308.7821 | O2: 6382.7095 | P2: 4790.0991 | Q2: 7281.439 | R2: 7277.3097 | S2: 5318.2293 | T2: 5710.7534 | U2: 7670.357 | V2: 7685.4798 | W2: 6264.4505 | X2: 6511.8744 | Y2: 6364.0368 | Z2: 8256.4525 | AA2: 9059.4525 | AB2: 8668.4525 | AC2: 9182.3826 | AD2: 9068.3826 | AE2: 9365.3826 | AF2: 12186.478 | AG2: 11883.478 | AH2: 11635.478 | AI2: 14228.312 | AJ2: 14272.312 | AK2: 14078.312 | AL2: 15695.065 | AM2: 16002.065 | AN2: 14961.065 | AO2: 17397.653 | AP2: 17163.653 | AQ2: 17552.653 | AR2: 22509.422 | AS2: 22012.422 | AT2: 21812.422 | AU2: 23842.988 | AV2: 23974.988 | AW2: 23735.988 | AX2: 24585.183 | AY2: 25017.183 | AZ2: 23833.183 | BA2: 29110.163 | BB2: 28880.163 | BC2: 29392.163 | BD2: 33436.448 | BE2: 32726.448 | BF2: 32600.448 | BG2: 34820.182 | BH2: 34386.182 | BI2: 34145.182 | BJ2: 853251.08
A3: Selution PTCA | B3: Irvine | C3: 15738.117 | D3: 11822.745 | E3: 10431.669 | F3: 12439.371 | G3: 14195.481 | H3: 14221.294 | I3: 16739.811 | J3: 18481.178 | K3: 19089.581 | L3: 30150.675 | M3: 31866.972 | N3: 36830.562 | O3: 35533.801 | P3: 33013.691 | Q3: 35571.532 | R3: 34638.162 | S3: 41367.818 | T3: 42226.504 | U3: 43251.227 | V3: 41275.038 | W3: 45489.035 | X3: 48844.737 | Y3: 47975.704 | Z3: 53706.865 | AA3: 56248.865 | AB3: 56051.865 | AC3: 60596.902 | AD3: 60683.902 | AE3: 64876.902 | AF3: 67481.392 | AG3: 69665.392 | AH3: 69676.392 | AI3: 75401.568 | AJ3: 78096.691 | AK3: 74481.691 | AL3: 93959.97 | AM3: 94617.97 | AN3: 92361.97 | AO3: 104579.05 | AP3: 101967.05 | AQ3: 106747.05 | AR3: 115681.9 | AS3: 113858.9 | AT3: 111958.9 | AU3: 119832.08 | AV3: 123860.08 | AW3: 118713.1 | AX3: 125384.93 | AY3: 127331.93 | AZ3: 124903.93 | BA3: 130080.09 | BB3: 127948.09 | BC3: 135242.09 | BD3: 138522.21 | BE3: 133806.21 | BF3: 130768.21 | BG3: 138420.6 | BH3: 130116.89 | BI3: 118960.89 | BJ3: 4327787.2

Sheet SUMMARY
C1: =SUBTOTAL(9,C3:C61) -> 1.6208924e+08
A2: Month | B2: Fiscal Year
A3: August | B3: FY'26 | C3: ='JZ_BRAND SPLITS'!G1 -> 2731168.9 | D3: =C3 -> 2731168.9 | F3: G1
A4: September | B4: FY'26 | C4: ='JZ_BRAND SPLITS'!I1 -> 3230932 | D4: =C4 -> 3230932 | F4: I1
A5: October | B5: FY'26 | C5: ='JZ_BRAND SPLITS'!K1 -> 2656628.5 | D5: =C5 -> 2656628.5 | F5: K1
A6: November | B6: FY'26 | C6: ='JZ_BRAND SPLITS'!M1 -> 2471132 | D6: =C6 -> 2471132 | F6: M1
A7: December | B7: FY'26 | C7: ='JZ_BRAND SPLITS'!O1 -> 1861369.5 | D7: =C7 -> 1861369.5 | F7: O1
A8: January | B8: FY'26 | C8: ='JZ_BRAND SPLITS'!Q1 -> 2435563.4 | D8: =C8 -> 2435563.4 | F8: Q1
A9: February | B9: FY'26 | C9: ='JZ_BRAND SPLITS'!S1 -> 2387394.7 | D9: =C9 -> 2387394.7 | F9: S1
A10: March | B10: FY'26 | C10: ='JZ_BRAND SPLITS'!U1 -> 2393580.7 | D10: =C10 -> 2393580.7 | F10: U1
A11: April | B11: FY'26 | C11: ='JZ_BRAND SPLITS'!W1 -> 2364410.5 | D11: =C11 -> 2364410.5 | F11: W1
A12: May | B12: FY'26 | C12: ='JZ_BRAND SPLITS'!Y1 -> 2362764.2 | D12: =C12 -> 2362764.2 | F12: Y1
A13: June | B13: FY'26 | C13: ='JZ_BRAND SPLITS'!AA1 -> 2226399.9 | D13: =C13 -> 2226399.9 | F13: AA1
A14: July | B14: FY'27 | C14: ='JZ_BRAND SPLITS'!AC1 -> 2542854.8 | D14: =C14 -> 2542854.8 | F14: AC1
A15: August | B15: FY'27 | C15: ='JZ_BRAND SPLITS'!AE1 -> 2613314.5 | D15: =C15 -> 2613314.5 | F15: AE1
A16: September | B16: FY'27 | C16: ='JZ_BRAND SPLITS'!AG1 -> 2431478 | D16: =C16 -> 2431478 | F16: AG1
A17: October | B17: FY'27 | C17: ='JZ_BRAND SPLITS'!AI1 -> 2505366 | D17: =C17 -> 2505366 | F17: AI1
A18: November | B18: FY'27 | C18: ='JZ_BRAND SPLITS'!AK1 -> 2455871.5 | D18: =C18 -> 2455871.5 | F18: AK1
A19: December | B19: FY'27 | C19: ='JZ_BRAND SPLITS'!AM1 -> 2707471.4 | D19: =C19 -> 2707471.4 | F19: AM1
A20: January | B20: FY'27 | C20: ='JZ_BRAND SPLITS'!AO1 -> 2630514.7 | D20: =C20 -> 2630514.7 | F20: AO1
A21: February | B21: FY'27 | C21: ='JZ_BRAND SPLITS'!AQ1 -> 2393385.7 | D21: =C21 -> 2393385.7 | F21: AQ1
A22: March | B22: FY'27 | C22: ='JZ_BRAND SPLITS'!AS1 -> 2480216.5 | D22: =C22 -> 2480216.5 | F22: AS1
A23: April | B23: FY'27 | C23: ='JZ_BRAND SPLITS'!AU1 -> 2562350.2 | D23: =C23 -> 2562350.2 | F23: AU1
A24: May | B24: FY'27 | C24: ='JZ_BRAND SPLITS'!AW1 -> 2571185.9 | D24: =C24 -> 2571185.9 | F24: AW1
A25: June | B25: FY'27 | C25: ='JZ_BRAND SPLITS'!AY1 -> 2303372.8 | D25: =C25 -> 2303372.8 | F25: AY1
A26: July | B26: FY'28 | C26: ='JZ_BRAND SPLITS'!BA1 -> 2732965.1 | D26: =C26 -> 2732965.1 | F26: BA1
A27: August | B27: FY'28 | C27: ='JZ_BRAND SPLITS'!BC1 -> 2814780.6 | D27: =C27 -> 2814780.6 | F27: BC1
A28: September | B28: FY'28 | C28: ='JZ_BRAND SPLITS'!BE1 -> 2614920.4 | D28: =C28 -> 2614920.4 | F28: BE1
A29: October | B29: FY'28 | C29: ='JZ_BRAND SPLITS'!BG1 -> 2683646.4 | D29: =C29 -> 2683646.4 | F29: BG1
A30: November | B30: FY'28 | C30: ='JZ_BRAND SPLITS'!BI1 -> 2629877.4 | D30: =C30 -> 2629877.4 | F30: BI1
A31: December | B31: FY'28 | C31: ='JZ_BRAND SPLITS'!BK1 -> 2897943.7 | D31: =C31 -> 2897943.7 | F31: BK1
A32: January | B32: FY'28 | C32: ='JZ_BRAND SPLITS'!BM1 -> 2818210.7 | D32: =C32 -> 2818210.7 | F32: BM1
A33: February | B33: FY'28 | C33: ='JZ_BRAND SPLITS'!BO1 -> 2571422.5 | D33: =C33 -> 2571422.5 | F33: BO1
A34: March | B34: FY'28 | C34: ='JZ_BRAND SPLITS'!BQ1 -> 2666204.2 | D34: =C34 -> 2666204.2 | F34: BQ1
A35: April | B35: FY'28 | C35: ='JZ_BRAND SPLITS'!BS1 -> 2759048.9 | D35: =C35 -> 2759048.9 | F35: BS1
A36: May | B36: FY'28 | C36: ='JZ_BRAND SPLITS'!BU1 -> 2785540.8 | D36: =C36 -> 2785540.8 | F36: BU1
A37: June | B37: FY'28 | C37: ='JZ_BRAND SPLITS'!BW1 -> 2490229.1 | D37: =C37 -> 2490229.1 | F37: BW1
A38: July | B38: FY'29 | C38: ='JZ_BRAND SPLITS'!BY1 -> 2951446 | D38: =C38 -> 2951446 | F38: BY1
A39: August | B39: FY'29 | C39: ='JZ_BRAND SPLITS'!CA1 -> 3046042.5 | D39: =C39 -> 3046042.5 | F39: CA1
A40: September | B40: FY'29 | C40: ='JZ_BRAND SPLITS'!CC1 -> 2825186.4 | D40: =C40 -> 2825186.4 | F40: CC1
A41: October | B41: FY'29 | C41: ='JZ_BRAND SPLITS'!CE1 -> 2886742.4 | D41: =C41 -> 2886742.4 | F41: CE1
A42: November | B42: FY'29 | C42: ='JZ_BRAND SPLITS'!CG1 -> 2829659.7 | D42: =C42 -> 2829659.7 | F42: CG1
A43: December | B43: FY'29 | C43: ='JZ_BRAND SPLITS'!CI1 -> 3118395.7 | D43: =C43 -> 3118395.7 | F43: CI1
A44: January | B44: FY'29 | C44: ='JZ_BRAND SPLITS'!CK1 -> 3037025 | D44: =C44 -> 3037025 | F44: CK1
A45: February | B45: FY'29 | C45: ='JZ_BRAND SPLITS'!CM1 -> 2786782.2 | D45: =C45 -> 2786782.2 | F45: CM1
A46: March | B46: FY'29 | C46: ='JZ_BRAND SPLITS'!CO1 -> 2849945.4 | D46: =C46 -> 2849945.4 | F46: CO1
A47: April | B47: FY'29 | C47: ='JZ_BRAND SPLITS'!CQ1 -> 2941262.3 | D47: =C47 -> 2941262.3 | F47: CQ1
A48: May | B48: FY'29 | C48: ='JZ_BRAND SPLITS'!CS1 -> 2972515.6 | D48: =C48 -> 2972515.6 | F48: CS1
A49: June | B49: FY'29 | C49: ='JZ_BRAND SPLITS'!CU1 -> 2652810 | D49: =C49 -> 2652810 | F49: CU1
A50: July | B50: FY'30 | C50: ='JZ_BRAND SPLITS'!CW1 -> 3142704.1 | D50: =C50 -> 3142704.1 | F50: CW1
A51: August | B51: FY'30 | C51: ='JZ_BRAND SPLITS'!CY1 -> 3248730.9 | D51: =C51 -> 3248730.9 | F51: CY1
A52: September | B52: FY'30 | C52: ='JZ_BRAND SPLITS'!DA1 -> 3015870.1 | D52: =C52 -> 3015870.1 | F52: DA1
A53: October | B53: FY'30 | C53: ='JZ_BRAND SPLITS'!DC1 -> 3073794.5 | D53: =C53 -> 3073794.5 | F53: DC1
A54: November | B54: FY'30 | C54: ='JZ_BRAND SPLITS'!DE1 -> 3013723.2 | D54: =C54 -> 3013723.2 | F54: DE1
A55: December | B55: FY'30 | C55: ='JZ_BRAND SPLITS'!DG1 -> 3324222 | D55: =C55 -> 3324222 | F55: DG1
A56: January | B56: FY'30 | C56: ='JZ_BRAND SPLITS'!DI1 -> 3245433.6 | D56: =C56 -> 3245433.6 | F56: DI1
A57: February | B57: FY'30 | C57: ='JZ_BRAND SPLITS'!DK1 -> 3019464.3 | D57: =C57 -> 3019464.3 | F57: DK1
A58: March | B58: FY'30 | C58: ='JZ_BRAND SPLITS'!DM1 -> 2978887.8 | D58: =C58 -> 2978887.8 | F58: DM1
A59: April | B59: FY'30 | C59: ='JZ_BRAND SPLITS'!DO1 -> 3113776 | D59: =C59 -> 3113776 | F59: DO1
A60: May | B60: FY'30 | C60: ='JZ_BRAND SPLITS'!DQ1 -> 3115473.4 | D60: =C60 -> 3115473.4 | F60: DQ1
A61: June | B61: FY'30 | C61: ='JZ_BRAND SPLITS'!DS1 -> 3115828 | D61: =C61 -> 3115828 | F61: DS1
